order_id,order_date,customer_id,product,category,quantity,price
ORD001045,2024-11-07,CUST0460,Manual,Books,3,36.55
ORD001202,2024-11-07,CUST0372,Tablet,Electronics,1,735.13
ORD000095,2024-11-07,CUST0267,Tennis Racket,Sports,3,79.2
ORD000506,2024-11-08,CUST0382,Shoes,Clothing,1,24.86
ORD000709,2024-11-08,CUST0023,Phone,Electronics,1,102.88
ORD000795,2024-11-08,CUST0219,Tablet,Electronics,1,997.48
ORD000892,2024-11-08,CUST0007,Laptop,Electronics,3,1010.52
ORD000055,2024-11-08,CUST0200,Pillow,Home,2,99.87
ORD000177,2024-11-08,CUST0210,Manual,Books,2,40.24
ORD001477,2024-11-09,CUST0286,Jeans,Clothing,3,30.86
ORD000961,2024-11-09,CUST0170,Textbook,Books,1,8.0
ORD001051,2024-11-10,CUST0296,Basketball,Sports,3,108.75
ORD000042,2024-11-10,CUST0037,Phone,Electronics,1,127.51
ORD001141,2024-11-10,CUST0281,Table,Home,3,135.29
ORD000489,2024-11-10,CUST0134,Textbook,Books,4,38.51
ORD000673,2024-11-11,CUST0005,Chair,Home,1,296.68
ORD001399,2024-11-12,CUST0241,Manual,Books,2,72.95
ORD000815,2024-11-13,CUST0403,Running Shoes,Sports,3,109.29
ORD001098,2024-11-13,CUST0346,Jacket,Clothing,1,93.44
ORD000689,2024-11-13,CUST0185,Table,Home,3,128.31
ORD000537,2024-11-14,CUST0109,T-Shirt,Clothing,3,115.83
ORD000201,2024-11-14,CUST0283,Fiction Book,Books,2,21.85
ORD000692,2024-11-14,CUST0135,T-Shirt,Clothing,1,139.55
ORD000155,2024-11-15,CUST0048,Table,Home,5,133.23
ORD000556,2024-11-15,CUST0272,Curtains,Home,1,293.69
ORD000555,2024-11-15,CUST0004,Running Shoes,Sports,3,88.15
ORD000451,2024-11-15,CUST0189,Chair,Home,3,294.37
ORD000557,2024-11-15,CUST0258,Textbook,Books,1,13.03
ORD000374,2024-11-15,CUST0183,Tablet,Electronics,2,327.29
ORD001386,2024-11-15,CUST0074,Comic,Books,1,78.12
ORD000363,2024-11-16,CUST0132,Jeans,Clothing,1,89.09
ORD000033,2024-11-16,CUST0058,Lamp,Home,1,87.05
ORD001178,2024-11-16,CUST0318,Curtains,Home,1,86.86
ORD000041,2024-11-17,CUST0302,Tennis Racket,Sports,1,121.8
ORD001123,2024-11-18,CUST0065,Dress,Clothing,3,141.96
ORD000615,2024-11-19,CUST0248,Tablet,Electronics,3,528.37
ORD000973,2024-11-19,CUST0467,Yoga Mat,Sports,2,107.72
ORD000084,2024-11-19,CUST0092,Pillow,Home,1,244.63
ORD001228,2024-11-19,CUST0395,Table,Home,1,296.54
ORD001314,2024-11-19,CUST0239,Phone,Electronics,3,969.5
ORD000756,2024-11-20,CUST0164,Tennis Racket,Sports,3,15.57
ORD001126,2024-11-20,CUST0395,Manual,Books,2,62.37
ORD000585,2024-11-20,CUST0046,Curtains,Home,2,46.06
ORD000407,2024-11-20,CUST0185,Running Shoes,Sports,1,80.09
ORD000831,2024-11-21,CUST0089,Jeans,Clothing,1,127.99
ORD001358,2024-11-22,CUST0034,Fiction Book,Books,1,31.36
ORD000273,2024-11-22,CUST0032,Comic,Books,3,36.97
ORD000704,2024-11-22,CUST0172,Magazine,Books,1,44.29
ORD001183,2024-11-23,CUST0104,Headphones,Electronics,2,270.36
ORD001298,2024-11-23,CUST0342,Running Shoes,Sports,1,66.7
ORD001154,2024-11-23,CUST0170,Phone,Electronics,2,114.44
ORD000647,2024-11-23,CUST0231,Lamp,Home,2,261.42
ORD001184,2024-11-23,CUST0293,Comic,Books,4,44.44
ORD000043,2024-11-23,CUST0441,Chair,Home,1,163.96
ORD001268,2024-11-23,CUST0210,Tablet,Electronics,1,1142.73
ORD000950,2024-11-23,CUST0184,Fiction Book,Books,2,51.21
ORD000569,2024-11-23,CUST0092,Chair,Home,4,289.21
ORD000178,2024-11-23,CUST0119,Lamp,Home,1,216.84
ORD001494,2024-11-23,CUST0355,Basketball,Sports,1,63.31
ORD001158,2024-11-24,CUST0102,Fiction Book,Books,3,44.09
ORD000749,2024-11-24,CUST0315,Running Shoes,Sports,4,56.7
ORD000711,2024-11-25,CUST0284,Textbook,Books,3,29.14
ORD000852,2024-11-25,CUST0299,Tennis Racket,Sports,2,75.2
ORD000920,2024-11-25,CUST0286,Basketball,Sports,1,166.92
ORD000220,2024-11-25,CUST0317,Phone,Electronics,3,775.84
ORD000381,2024-11-25,CUST0386,Dress,Clothing,1,63.19
ORD001337,2024-11-25,CUST0236,Manual,Books,1,13.69
ORD001458,2024-11-25,CUST0377,Jacket,Clothing,2,103.27
ORD000086,2024-11-26,CUST0440,Textbook,Books,1,19.97
ORD000325,2024-11-26,CUST0030,Lamp,Home,4,41.48
ORD000478,2024-11-26,CUST0468,Jacket,Clothing,2,134.1
ORD000253,2024-11-26,CUST0156,Fiction Book,Books,3,12.29
ORD000971,2024-11-27,CUST0350,Pillow,Home,2,276.46
ORD001020,2024-11-27,CUST0333,Chair,Home,1,217.05
ORD001017,2024-11-27,CUST0113,Textbook,Books,1,9.71
ORD000331,2024-11-27,CUST0127,Comic,Books,1,44.31
ORD001272,2024-11-28,CUST0312,Magazine,Books,3,34.56
ORD000308,2024-11-28,CUST0224,Headphones,Electronics,1,1109.34
ORD001165,2024-11-28,CUST0298,Manual,Books,1,16.62
ORD001419,2024-11-28,CUST0050,Yoga Mat,Sports,1,191.67
ORD000645,2024-11-28,CUST0390,Manual,Books,1,21.39
ORD000080,2024-11-28,CUST0158,Chair,Home,1,271.7
ORD000373,2024-11-29,CUST0326,Magazine,Books,1,24.02
ORD001046,2024-11-29,CUST0358,Dumbbells,Sports,2,53.6
ORD001230,2024-11-29,CUST0474,Jeans,Clothing,1,107.52
ORD000801,2024-11-29,CUST0135,Comic,Books,2,24.76
ORD000272,2024-11-29,CUST0373,Yoga Mat,Sports,3,97.03
ORD000379,2024-11-29,CUST0406,T-Shirt,Clothing,3,57.61
ORD000931,2024-11-30,CUST0475,Basketball,Sports,1,156.71
ORD000303,2024-11-30,CUST0113,Manual,Books,2,9.11
ORD000875,2024-11-30,CUST0153,Pillow,Home,1,223.79
ORD000164,2024-11-30,CUST0499,Camera,Electronics,2,385.96
ORD000898,2024-11-30,CUST0005,Jeans,Clothing,3,59.37
ORD000665,2024-12-01,CUST0024,Headphones,Electronics,1,68.72
ORD001109,2024-12-01,CUST0204,Phone,Electronics,2,119.04
ORD000382,2024-12-01,CUST0444,Lamp,Home,2,54.85
ORD000882,2024-12-01,CUST0339,Laptop,Electronics,2,105.47
ORD000838,2024-12-02,CUST0084,Tennis Racket,Sports,1,172.85
ORD001348,2024-12-02,CUST0067,Headphones,Electronics,1,1088.79
ORD001349,2024-12-02,CUST0055,Fiction Book,Books,5,11.46
ORD001221,2024-12-02,CUST0281,Magazine,Books,4,11.38
ORD001162,2024-12-03,CUST0443,T-Shirt,Clothing,1,46.86
ORD000714,2024-12-03,CUST0092,Shoes,Clothing,1,147.49
ORD000269,2024-12-03,CUST0065,Manual,Books,1,13.52
ORD000298,2024-12-03,CUST0080,Shoes,Clothing,1,21.72
ORD000454,2024-12-03,CUST0299,Textbook,Books,4,44.32
ORD000075,2024-12-03,CUST0048,Magazine,Books,2,8.31
ORD000048,2024-12-04,CUST0345,Laptop,Electronics,2,513.01
ORD000923,2024-12-04,CUST0419,Jacket,Clothing,3,59.82
ORD000521,2024-12-05,CUST0072,Yoga Mat,Sports,2,54.49
ORD000018,2024-12-05,CUST0118,Tablet,Electronics,2,511.34
ORD000224,2024-12-05,CUST0151,Lamp,Home,1,140.59
ORD000829,2024-12-05,CUST0264,T-Shirt,Clothing,2,57.0
ORD000414,2024-12-05,CUST0426,Camera,Electronics,2,225.97
ORD001213,2024-12-05,CUST0472,Lamp,Home,1,266.34
ORD000391,2024-12-06,CUST0039,Magazine,Books,5,43.48
ORD000651,2024-12-07,CUST0292,Curtains,Home,1,98.7
ORD000426,2024-12-07,CUST0081,Comic,Books,2,41.32
ORD001434,2024-12-07,CUST0133,Table,Home,2,143.36
ORD000459,2024-12-08,CUST0362,Shoes,Clothing,1,42.99
ORD000058,2024-12-08,CUST0383,Chair,Home,1,34.04
ORD000492,2024-12-08,CUST0342,Headphones,Electronics,2,402.83
ORD000728,2024-12-08,CUST0223,Jeans,Clothing,3,54.38
ORD000270,2024-12-09,CUST0244,Magazine,Books,1,43.49
ORD000626,2024-12-09,CUST0296,Camera,Electronics,1,265.0
ORD001467,2024-12-09,CUST0062,Table,Home,5,232.11
ORD001179,2024-12-09,CUST0338,Dumbbells,Sports,3,46.08
ORD001305,2024-12-10,CUST0150,Textbook,Books,2,14.15
ORD000977,2024-12-10,CUST0108,Jacket,Clothing,2,127.81
ORD000019,2024-12-10,CUST0109,Yoga Mat,Sports,1,50.4
ORD000813,2024-12-11,CUST0045,Manual,Books,1,34.8
ORD000997,2024-12-11,CUST0129,Phone,Electronics,4,884.43
ORD000371,2024-12-11,CUST0489,Running Shoes,Sports,1,106.39
ORD000096,2024-12-12,CUST0486,Curtains,Home,1,107.9
ORD001443,2024-12-12,CUST0277,T-Shirt,Clothing,2,66.9
ORD000508,2024-12-12,CUST0479,Fiction Book,Books,3,26.53
ORD000295,2024-12-12,CUST0073,Laptop,Electronics,1,908.03
ORD001147,2024-12-12,CUST0094,Dress,Clothing,3,29.9
ORD000012,2024-12-12,CUST0024,Dress,Clothing,4,148.0
ORD000089,2024-12-12,CUST0496,Lamp,Home,3,199.61
ORD000182,2024-12-13,CUST0031,Dress,Clothing,1,95.33
ORD001362,2024-12-13,CUST0406,Curtains,Home,1,149.07
ORD001347,2024-12-13,CUST0160,Yoga Mat,Sports,1,112.71
ORD001486,2024-12-13,CUST0459,Jacket,Clothing,1,95.02
ORD001119,2024-12-13,CUST0041,Dress,Clothing,1,45.81
ORD000786,2024-12-14,CUST0410,Tablet,Electronics,4,73.09
ORD000770,2024-12-14,CUST0192,Manual,Books,3,12.58
ORD001490,2024-12-14,CUST0242,Dumbbells,Sports,1,20.32
ORD000535,2024-12-14,CUST0097,Running Shoes,Sports,3,51.23
ORD000066,2024-12-14,CUST0005,Manual,Books,2,79.88
ORD000985,2024-12-14,CUST0184,Basketball,Sports,2,65.07
ORD000402,2024-12-14,CUST0232,Jacket,Clothing,4,149.63
ORD000980,2024-12-14,CUST0028,Dress,Clothing,2,90.34
ORD001433,2024-12-14,CUST0142,Headphones,Electronics,1,496.88
ORD000575,2024-12-15,CUST0175,Running Shoes,Sports,3,191.42
ORD000658,2024-12-15,CUST0325,Headphones,Electronics,1,642.96
ORD001431,2024-12-15,CUST0328,Magazine,Books,1,62.7
ORD000551,2024-12-15,CUST0484,Laptop,Electronics,2,524.25
ORD000894,2024-12-15,CUST0371,Tablet,Electronics,1,790.99
ORD000078,2024-12-15,CUST0484,Shoes,Clothing,1,19.86
ORD000915,2024-12-15,CUST0385,Magazine,Books,2,23.07
ORD000743,2024-12-15,CUST0012,Phone,Electronics,2,1087.87
ORD000568,2024-12-15,CUST0351,Curtains,Home,1,177.78
ORD001191,2024-12-16,CUST0484,Shoes,Clothing,1,28.11
ORD001210,2024-12-16,CUST0371,Pillow,Home,5,68.41
ORD000469,2024-12-17,CUST0178,Magazine,Books,1,61.05
ORD000560,2024-12-17,CUST0192,Comic,Books,2,47.38
ORD000696,2024-12-17,CUST0262,Jeans,Clothing,2,87.41
ORD000299,2024-12-18,CUST0140,Comic,Books,2,41.42
ORD000118,2024-12-18,CUST0071,Jeans,Clothing,1,66.71
ORD000063,2024-12-18,CUST0215,Running Shoes,Sports,3,109.33
ORD001127,2024-12-19,CUST0054,Curtains,Home,1,63.48
ORD001405,2024-12-19,CUST0065,Basketball,Sports,2,171.77
ORD000283,2024-12-20,CUST0048,Fiction Book,Books,1,60.84
ORD000609,2024-12-20,CUST0056,Dress,Clothing,2,37.46
ORD000579,2024-12-20,CUST0396,Yoga Mat,Sports,1,161.63
ORD000339,2024-12-20,CUST0159,Dumbbells,Sports,1,132.26
ORD000153,2024-12-20,CUST0124,Comic,Books,1,46.64
ORD000616,2024-12-20,CUST0060,Dress,Clothing,4,57.11
ORD001299,2024-12-21,CUST0026,Headphones,Electronics,2,1192.8
ORD000148,2024-12-21,CUST0143,Textbook,Books,2,61.29
ORD000648,2024-12-21,CUST0225,Phone,Electronics,2,291.36
ORD000751,2024-12-21,CUST0144,Textbook,Books,1,36.44
ORD001472,2024-12-22,CUST0362,Yoga Mat,Sports,2,89.08
ORD000194,2024-12-22,CUST0162,Lamp,Home,2,52.46
ORD001166,2024-12-22,CUST0128,Jacket,Clothing,3,27.34
ORD001219,2024-12-23,CUST0114,Magazine,Books,2,63.98
ORD000326,2024-12-23,CUST0315,Running Shoes,Sports,2,83.05
ORD000187,2024-12-23,CUST0118,Running Shoes,Sports,3,190.65
ORD001427,2024-12-24,CUST0030,Tennis Racket,Sports,1,190.59
ORD000900,2024-12-24,CUST0191,Table,Home,1,51.87
ORD000789,2024-12-24,CUST0174,Running Shoes,Sports,1,179.71
ORD001303,2024-12-24,CUST0394,Lamp,Home,1,123.2
ORD001044,2024-12-24,CUST0247,Shoes,Clothing,2,87.8
ORD000053,2024-12-24,CUST0475,Jeans,Clothing,4,69.87
ORD001209,2024-12-24,CUST0293,Manual,Books,1,73.84
ORD000566,2024-12-25,CUST0459,Basketball,Sports,2,53.66
ORD000281,2024-12-25,CUST0161,Magazine,Books,3,54.88
ORD000443,2024-12-26,CUST0202,Lamp,Home,1,176.19
ORD000558,2024-12-26,CUST0269,Jeans,Clothing,1,40.91
ORD000431,2024-12-26,CUST0026,Pillow,Home,1,261.97
ORD000976,2024-12-26,CUST0086,Running Shoes,Sports,1,11.39
ORD001369,2024-12-26,CUST0421,Textbook,Books,1,28.1
ORD001421,2024-12-27,CUST0131,Dumbbells,Sports,1,97.61
ORD001336,2024-12-27,CUST0421,Tennis Racket,Sports,2,48.99
ORD000360,2024-12-27,CUST0430,Table,Home,2,58.53
ORD000259,2024-12-27,CUST0352,Curtains,Home,2,272.47
ORD000818,2024-12-28,CUST0403,Curtains,Home,1,266.44
ORD000162,2024-12-28,CUST0427,Dress,Clothing,2,45.71
ORD000518,2024-12-28,CUST0305,Headphones,Electronics,3,737.45
ORD000067,2024-12-28,CUST0038,Tennis Racket,Sports,1,106.12
ORD001125,2024-12-29,CUST0049,Headphones,Electronics,2,680.7
ORD000845,2024-12-29,CUST0004,Yoga Mat,Sports,1,116.68
ORD000192,2024-12-30,CUST0440,Dress,Clothing,3,70.57
ORD000582,2024-12-31,CUST0047,Tablet,Electronics,5,561.45
ORD001090,2024-12-31,CUST0062,Headphones,Electronics,1,755.9
ORD000030,2024-12-31,CUST0446,Curtains,Home,1,190.51
ORD001262,2024-12-31,CUST0068,T-Shirt,Clothing,3,117.93
ORD000072,2024-12-31,CUST0381,Tennis Racket,Sports,1,61.75
ORD000144,2024-12-31,CUST0222,Pillow,Home,1,218.05
ORD001053,2024-12-31,CUST0080,Manual,Books,4,24.02
ORD000271,2025-01-01,CUST0232,Tennis Racket,Sports,3,189.63
ORD000782,2025-01-01,CUST0369,Laptop,Electronics,2,493.83
ORD000138,2025-01-01,CUST0297,Tablet,Electronics,2,712.17
ORD000274,2025-01-01,CUST0252,Fiction Book,Books,4,72.45
ORD000438,2025-01-01,CUST0221,Dress,Clothing,3,113.21
ORD000024,2025-01-02,CUST0079,Jacket,Clothing,1,95.52
ORD001495,2025-01-02,CUST0437,Comic,Books,2,36.37
ORD001488,2025-01-02,CUST0167,T-Shirt,Clothing,2,47.01
ORD000267,2025-01-02,CUST0339,Phone,Electronics,2,67.09
ORD000484,2025-01-03,CUST0170,Jacket,Clothing,2,102.52
ORD001281,2025-01-03,CUST0093,Running Shoes,Sports,2,35.71
ORD000301,2025-01-04,CUST0177,Fiction Book,Books,1,26.24
ORD001344,2025-01-04,CUST0008,Running Shoes,Sports,2,107.67
ORD000925,2025-01-04,CUST0050,T-Shirt,Clothing,1,61.08
ORD000972,2025-01-04,CUST0198,Curtains,Home,4,222.71
ORD000202,2025-01-04,CUST0237,Phone,Electronics,1,623.13
ORD001368,2025-01-04,CUST0304,Dumbbells,Sports,4,71.82
ORD000798,2025-01-05,CUST0158,Comic,Books,2,41.68
ORD000091,2025-01-05,CUST0450,Table,Home,1,182.57
ORD000699,2025-01-05,CUST0233,Running Shoes,Sports,1,20.46
ORD000883,2025-01-05,CUST0214,Comic,Books,1,14.27
ORD000860,2025-01-06,CUST0241,Camera,Electronics,1,717.36
ORD000919,2025-01-06,CUST0255,Laptop,Electronics,3,513.96
ORD000888,2025-01-06,CUST0145,Laptop,Electronics,1,622.4
ORD000171,2025-01-06,CUST0286,Manual,Books,2,49.71
ORD000929,2025-01-07,CUST0477,Textbook,Books,2,39.28
ORD000734,2025-01-07,CUST0047,Dress,Clothing,2,126.56
ORD000159,2025-01-07,CUST0370,Dress,Clothing,1,31.14
ORD000959,2025-01-07,CUST0194,Headphones,Electronics,1,370.98
ORD000406,2025-01-08,CUST0103,Jeans,Clothing,3,121.7
ORD000261,2025-01-08,CUST0486,Fiction Book,Books,2,54.71
ORD000880,2025-01-09,CUST0188,Headphones,Electronics,1,1058.03
ORD000097,2025-01-09,CUST0369,Curtains,Home,2,106.6
ORD001151,2025-01-10,CUST0367,Fiction Book,Books,2,22.46
ORD000655,2025-01-10,CUST0360,Jeans,Clothing,1,34.74
ORD000811,2025-01-10,CUST0022,Fiction Book,Books,5,79.12
ORD000703,2025-01-10,CUST0384,Chair,Home,1,236.0
ORD000135,2025-01-10,CUST0243,Camera,Electronics,4,1139.92
ORD000165,2025-01-10,CUST0327,Fiction Book,Books,1,70.45
ORD000936,2025-01-11,CUST0054,Manual,Books,1,50.46
ORD000127,2025-01-11,CUST0319,Basketball,Sports,3,182.32
ORD001378,2025-01-11,CUST0437,Chair,Home,2,123.38
ORD001094,2025-01-11,CUST0028,Dumbbells,Sports,2,100.88
ORD000513,2025-01-11,CUST0373,T-Shirt,Clothing,4,117.08
ORD000036,2025-01-11,CUST0338,Manual,Books,3,17.38
ORD001429,2025-01-12,CUST0193,Tennis Racket,Sports,2,180.24
ORD000664,2025-01-12,CUST0290,Magazine,Books,1,72.06
ORD000879,2025-01-13,CUST0109,Camera,Electronics,1,630.33
ORD000672,2025-01-13,CUST0304,Shoes,Clothing,3,106.8
ORD000065,2025-01-13,CUST0344,Pillow,Home,1,108.53
ORD000068,2025-01-13,CUST0478,Chair,Home,3,266.2
ORD000483,2025-01-14,CUST0436,Dumbbells,Sports,1,61.84
ORD000877,2025-01-14,CUST0176,Magazine,Books,2,61.26
ORD001107,2025-01-14,CUST0458,Running Shoes,Sports,1,146.91
ORD000727,2025-01-14,CUST0327,Fiction Book,Books,1,49.39
ORD001387,2025-01-15,CUST0044,Jacket,Clothing,3,131.12
ORD000378,2025-01-15,CUST0033,Fiction Book,Books,1,27.01
ORD000206,2025-01-15,CUST0443,Tablet,Electronics,1,938.58
ORD000129,2025-01-15,CUST0444,Textbook,Books,1,8.77
ORD000023,2025-01-16,CUST0261,Fiction Book,Books,1,61.68
ORD000475,2025-01-16,CUST0003,Tennis Racket,Sports,2,87.31
ORD000701,2025-01-16,CUST0360,Phone,Electronics,2,620.87
ORD000887,2025-01-16,CUST0215,Camera,Electronics,2,876.58
ORD000940,2025-01-16,CUST0212,Running Shoes,Sports,2,66.79
ORD000604,2025-01-17,CUST0325,Table,Home,1,90.75
ORD001451,2025-01-17,CUST0019,T-Shirt,Clothing,1,112.16
ORD001007,2025-01-17,CUST0457,Tennis Racket,Sports,2,60.01
ORD001015,2025-01-17,CUST0229,Jeans,Clothing,2,91.46
ORD000002,2025-01-17,CUST0378,Camera,Electronics,4,149.98
ORD000740,2025-01-17,CUST0063,Laptop,Electronics,1,1004.93
ORD001026,2025-01-17,CUST0226,Jeans,Clothing,1,25.41
ORD000681,2025-01-17,CUST0386,Camera,Electronics,3,889.51
ORD000779,2025-01-18,CUST0170,Phone,Electronics,2,448.83
ORD001280,2025-01-18,CUST0238,Fiction Book,Books,1,59.2
ORD000991,2025-01-18,CUST0064,Laptop,Electronics,3,708.63
ORD000769,2025-01-18,CUST0397,Camera,Electronics,1,1039.77
ORD000724,2025-01-18,CUST0365,Chair,Home,2,32.29
ORD001346,2025-01-18,CUST0483,Curtains,Home,1,88.55
ORD000228,2025-01-19,CUST0119,Magazine,Books,1,39.47
ORD001411,2025-01-20,CUST0305,Jacket,Clothing,1,116.62
ORD000266,2025-01-20,CUST0067,Yoga Mat,Sports,2,161.72
ORD001257,2025-01-20,CUST0336,Tennis Racket,Sports,1,70.32
ORD001417,2025-01-20,CUST0272,Fiction Book,Books,1,26.66
ORD000590,2025-01-20,CUST0033,Jacket,Clothing,1,52.25
ORD001259,2025-01-20,CUST0373,Tablet,Electronics,1,1062.15
ORD000468,2025-01-20,CUST0149,Tablet,Electronics,3,1148.61
ORD001297,2025-01-21,CUST0029,Chair,Home,1,60.7
ORD000106,2025-01-21,CUST0013,Phone,Electronics,1,1181.53
ORD001220,2025-01-21,CUST0068,Chair,Home,1,153.24
ORD001326,2025-01-22,CUST0144,Tablet,Electronics,1,1181.16
ORD000501,2025-01-22,CUST0085,Curtains,Home,2,143.72
ORD001106,2025-01-22,CUST0243,Phone,Electronics,1,534.75
ORD001440,2025-01-22,CUST0335,Laptop,Electronics,2,814.3
ORD001481,2025-01-22,CUST0351,Comic,Books,3,18.22
ORD001152,2025-01-23,CUST0008,Textbook,Books,3,30.64
ORD000863,2025-01-23,CUST0071,Dress,Clothing,2,70.24
ORD001168,2025-01-24,CUST0360,Basketball,Sports,2,33.91
ORD000031,2025-01-24,CUST0192,Shoes,Clothing,2,143.72
ORD000605,2025-01-24,CUST0367,Comic,Books,1,10.55
ORD001253,2025-01-24,CUST0219,Curtains,Home,1,112.2
ORD001334,2025-01-24,CUST0098,Pillow,Home,5,225.08
ORD000119,2025-01-24,CUST0362,T-Shirt,Clothing,3,71.01
ORD000979,2025-01-24,CUST0013,Magazine,Books,1,7.84
ORD001231,2025-01-25,CUST0388,Laptop,Electronics,3,900.52
ORD000256,2025-01-25,CUST0454,Fiction Book,Books,2,67.53
ORD000217,2025-01-25,CUST0039,Magazine,Books,1,30.39
ORD001176,2025-01-25,CUST0231,Lamp,Home,2,171.65
ORD001247,2025-01-26,CUST0010,Lamp,Home,1,119.51
ORD000914,2025-01-26,CUST0259,Comic,Books,1,70.21
ORD000230,2025-01-26,CUST0038,Magazine,Books,2,79.07
ORD001197,2025-01-26,CUST0274,Dumbbells,Sports,5,187.37
ORD001070,2025-01-26,CUST0045,Pillow,Home,1,118.88
ORD000666,2025-01-26,CUST0226,Fiction Book,Books,1,79.39
ORD000176,2025-01-26,CUST0123,Shoes,Clothing,1,25.13
ORD001364,2025-01-27,CUST0499,Comic,Books,2,9.95
ORD000904,2025-01-27,CUST0054,Manual,Books,2,41.2
ORD001160,2025-01-27,CUST0323,Camera,Electronics,1,649.07
ORD001300,2025-01-28,CUST0345,Curtains,Home,2,205.06
ORD000948,2025-01-28,CUST0147,Table,Home,4,255.03
ORD000415,2025-01-30,CUST0083,Table,Home,2,116.89
ORD000650,2025-01-30,CUST0316,Jeans,Clothing,1,124.83
ORD000878,2025-01-30,CUST0486,Fiction Book,Books,2,22.13
ORD000903,2025-01-31,CUST0058,T-Shirt,Clothing,1,147.51
ORD000707,2025-01-31,CUST0189,Dress,Clothing,1,119.4
ORD001468,2025-02-01,CUST0357,Curtains,Home,1,66.2
ORD000589,2025-02-01,CUST0072,Lamp,Home,1,95.15
ORD000103,2025-02-01,CUST0338,Tablet,Electronics,1,642.77
ORD000419,2025-02-01,CUST0304,Tennis Racket,Sports,2,42.53
ORD000315,2025-02-01,CUST0040,Basketball,Sports,3,110.81
ORD001130,2025-02-02,CUST0015,Tablet,Electronics,1,1039.42
ORD000016,2025-02-02,CUST0274,Jeans,Clothing,1,77.41
ORD001383,2025-02-03,CUST0244,Jeans,Clothing,4,89.98
ORD001367,2025-02-03,CUST0340,Camera,Electronics,2,1012.26
ORD000461,2025-02-03,CUST0236,Yoga Mat,Sports,1,113.79
ORD000761,2025-02-03,CUST0091,Shoes,Clothing,1,57.93
ORD001475,2025-02-04,CUST0313,Camera,Electronics,1,257.0
ORD000896,2025-02-04,CUST0448,Tablet,Electronics,1,464.25
ORD000189,2025-02-04,CUST0241,Dumbbells,Sports,2,184.05
ORD000738,2025-02-04,CUST0016,Comic,Books,3,46.7
ORD001409,2025-02-04,CUST0134,Jacket,Clothing,2,39.41
ORD001006,2025-02-04,CUST0331,Basketball,Sports,2,169.94
ORD001320,2025-02-04,CUST0100,Lamp,Home,1,278.24
ORD000866,2025-02-05,CUST0161,Laptop,Electronics,2,569.86
ORD000935,2025-02-05,CUST0355,Tennis Racket,Sports,1,148.79
ORD001448,2025-02-05,CUST0284,Headphones,Electronics,3,809.84
ORD000479,2025-02-05,CUST0479,Headphones,Electronics,4,956.15
ORD001485,2025-02-05,CUST0081,Headphones,Electronics,1,642.14
ORD001289,2025-02-06,CUST0394,Headphones,Electronics,1,404.27
ORD000163,2025-02-06,CUST0155,Camera,Electronics,2,195.57
ORD000995,2025-02-07,CUST0344,Basketball,Sports,1,171.76
ORD001034,2025-02-07,CUST0265,Manual,Books,1,77.69
ORD000865,2025-02-07,CUST0399,Headphones,Electronics,1,432.52
ORD000226,2025-02-07,CUST0088,T-Shirt,Clothing,1,97.28
ORD000387,2025-02-07,CUST0280,Lamp,Home,1,48.73
ORD000509,2025-02-07,CUST0394,Jacket,Clothing,4,65.55
ORD000190,2025-02-07,CUST0300,Comic,Books,1,77.68
ORD000294,2025-02-07,CUST0446,Shoes,Clothing,1,103.74
ORD001196,2025-02-07,CUST0282,Manual,Books,3,30.31
ORD001038,2025-02-08,CUST0320,Yoga Mat,Sports,2,41.87
ORD000857,2025-02-08,CUST0485,Chair,Home,1,82.23
ORD000413,2025-02-08,CUST0394,Jacket,Clothing,4,82.89
ORD000488,2025-02-09,CUST0072,Magazine,Books,1,75.19
ORD000994,2025-02-09,CUST0114,Yoga Mat,Sports,2,46.92
ORD000167,2025-02-09,CUST0495,Tablet,Electronics,1,1132.22
ORD000480,2025-02-10,CUST0480,Chair,Home,2,22.59
ORD000485,2025-02-10,CUST0008,Lamp,Home,2,178.98
ORD001328,2025-02-10,CUST0305,Tablet,Electronics,3,861.06
ORD000748,2025-02-10,CUST0141,Pillow,Home,2,267.36
ORD000516,2025-02-11,CUST0480,Laptop,Electronics,1,980.9
ORD000764,2025-02-11,CUST0429,Manual,Books,2,28.18
ORD000930,2025-02-12,CUST0367,Chair,Home,1,232.0
ORD000205,2025-02-12,CUST0472,Running Shoes,Sports,2,151.8
ORD000792,2025-02-12,CUST0210,Running Shoes,Sports,2,60.4
ORD000486,2025-02-13,CUST0090,Dumbbells,Sports,4,167.13
ORD000099,2025-02-13,CUST0216,Textbook,Books,1,51.16
ORD000316,2025-02-14,CUST0464,Lamp,Home,2,223.67
ORD001000,2025-02-14,CUST0163,Comic,Books,1,29.63
ORD000638,2025-02-14,CUST0418,Manual,Books,1,42.91
ORD001223,2025-02-16,CUST0250,Manual,Books,1,19.71
ORD000624,2025-02-16,CUST0231,Dumbbells,Sports,1,83.88
ORD001239,2025-02-17,CUST0405,Yoga Mat,Sports,4,20.09
ORD000942,2025-02-17,CUST0108,Yoga Mat,Sports,2,140.46
ORD001089,2025-02-18,CUST0428,Shoes,Clothing,5,63.06
ORD001041,2025-02-18,CUST0268,Dumbbells,Sports,2,167.04
ORD001067,2025-02-18,CUST0436,Yoga Mat,Sports,1,47.0
ORD001291,2025-02-18,CUST0002,Yoga Mat,Sports,1,12.32
ORD000198,2025-02-19,CUST0137,Tennis Racket,Sports,3,186.26
ORD000304,2025-02-19,CUST0155,Jeans,Clothing,2,118.16
ORD000458,2025-02-19,CUST0211,Running Shoes,Sports,1,184.9
ORD000427,2025-02-19,CUST0175,Tennis Racket,Sports,1,69.39
ORD000978,2025-02-20,CUST0276,Fiction Book,Books,1,61.02
ORD001345,2025-02-20,CUST0278,Curtains,Home,2,109.18
ORD000797,2025-02-20,CUST0088,Chair,Home,4,152.6
ORD000733,2025-02-21,CUST0232,Pillow,Home,2,94.2
ORD000536,2025-02-21,CUST0446,Lamp,Home,4,287.97
ORD001325,2025-02-21,CUST0296,Lamp,Home,5,38.54
ORD001159,2025-02-21,CUST0243,Magazine,Books,3,75.22
ORD000175,2025-02-21,CUST0321,Dress,Clothing,2,104.16
ORD001365,2025-02-21,CUST0417,Dumbbells,Sports,2,159.02
ORD001187,2025-02-21,CUST0336,Fiction Book,Books,2,40.1
ORD000867,2025-02-22,CUST0390,Shoes,Clothing,1,118.21
ORD000081,2025-02-22,CUST0350,T-Shirt,Clothing,3,62.75
ORD000101,2025-02-22,CUST0221,Running Shoes,Sports,1,134.39
ORD000015,2025-02-22,CUST0344,Chair,Home,1,190.56
ORD001235,2025-02-23,CUST0105,Running Shoes,Sports,2,152.57
ORD000288,2025-02-23,CUST0080,Textbook,Books,2,68.55
ORD000470,2025-02-24,CUST0104,Yoga Mat,Sports,4,187.27
ORD001466,2025-02-24,CUST0392,Camera,Electronics,1,249.46
ORD000967,2025-02-24,CUST0340,Lamp,Home,2,121.02
ORD000679,2025-02-24,CUST0322,Jacket,Clothing,4,98.17
ORD000296,2025-02-25,CUST0193,Comic,Books,2,30.57
ORD000968,2025-02-26,CUST0487,Running Shoes,Sports,1,100.22
ORD000258,2025-02-26,CUST0228,Textbook,Books,2,69.16
ORD000760,2025-02-27,CUST0295,Magazine,Books,3,75.14
ORD000495,2025-02-27,CUST0491,Jacket,Clothing,1,35.68
ORD000766,2025-02-27,CUST0011,Dumbbells,Sports,2,10.13
ORD000110,2025-02-27,CUST0091,Dumbbells,Sports,1,19.54
ORD000641,2025-02-27,CUST0150,Tablet,Electronics,1,308.57
ORD001082,2025-02-27,CUST0347,Dress,Clothing,1,70.68
ORD000237,2025-02-27,CUST0326,Shoes,Clothing,1,48.83
ORD000741,2025-02-28,CUST0067,Jacket,Clothing,1,65.25
ORD000357,2025-02-28,CUST0419,Magazine,Books,1,74.79
ORD001269,2025-02-28,CUST0381,Jeans,Clothing,2,23.93
ORD000544,2025-02-28,CUST0380,T-Shirt,Clothing,2,50.2
ORD001204,2025-02-28,CUST0110,Chair,Home,1,236.03
ORD001024,2025-03-01,CUST0265,Magazine,Books,5,66.29
ORD000858,2025-03-01,CUST0382,Pillow,Home,1,240.67
ORD001356,2025-03-01,CUST0074,Yoga Mat,Sports,3,183.44
ORD000246,2025-03-02,CUST0441,Manual,Books,4,32.43
ORD001390,2025-03-02,CUST0096,Manual,Books,1,5.56
ORD000181,2025-03-02,CUST0332,Dress,Clothing,1,126.6
ORD000280,2025-03-03,CUST0212,Pillow,Home,3,131.64
ORD001136,2025-03-03,CUST0413,Headphones,Electronics,1,404.05
ORD000307,2025-03-04,CUST0257,Yoga Mat,Sports,2,23.69
ORD000515,2025-03-04,CUST0127,Magazine,Books,1,16.63
ORD001040,2025-03-04,CUST0194,Textbook,Books,1,13.14
ORD001264,2025-03-05,CUST0306,Jeans,Clothing,1,107.8
ORD001192,2025-03-05,CUST0273,Textbook,Books,2,19.48
ORD000725,2025-03-05,CUST0460,Dumbbells,Sports,2,143.16
ORD000013,2025-03-06,CUST0444,Headphones,Electronics,3,369.67
ORD000265,2025-03-06,CUST0169,Shoes,Clothing,3,15.38
ORD001169,2025-03-06,CUST0163,Yoga Mat,Sports,1,163.05
ORD000212,2025-03-06,CUST0439,Fiction Book,Books,2,28.86
ORD001088,2025-03-07,CUST0377,Dress,Clothing,1,42.92
ORD000105,2025-03-07,CUST0345,Table,Home,4,245.84
ORD000117,2025-03-07,CUST0140,Lamp,Home,3,270.05
ORD001105,2025-03-07,CUST0285,Comic,Books,5,19.7
ORD000394,2025-03-07,CUST0399,Lamp,Home,3,127.2
ORD000083,2025-03-08,CUST0443,Jeans,Clothing,1,133.99
ORD000365,2025-03-08,CUST0155,Laptop,Electronics,4,324.21
ORD000723,2025-03-08,CUST0215,Fiction Book,Books,1,77.94
ORD000268,2025-03-08,CUST0302,Chair,Home,2,68.79
ORD000116,2025-03-09,CUST0141,Fiction Book,Books,3,58.52
ORD000687,2025-03-09,CUST0254,Fiction Book,Books,2,23.08
ORD000698,2025-03-09,CUST0030,T-Shirt,Clothing,2,139.82
ORD000849,2025-03-10,CUST0461,Camera,Electronics,2,514.71
ORD000034,2025-03-10,CUST0450,Basketball,Sports,4,26.27
ORD000154,2025-03-10,CUST0354,Comic,Books,1,38.61
ORD000759,2025-03-10,CUST0137,Basketball,Sports,3,155.17
ORD000109,2025-03-11,CUST0076,Laptop,Electronics,1,945.18
ORD001232,2025-03-11,CUST0486,Tennis Racket,Sports,1,175.06
ORD000156,2025-03-11,CUST0157,Yoga Mat,Sports,1,99.92
ORD001469,2025-03-11,CUST0474,Basketball,Sports,3,35.34
ORD000456,2025-03-11,CUST0017,Basketball,Sports,1,46.25
ORD000588,2025-03-11,CUST0293,Tennis Racket,Sports,1,140.21
ORD000225,2025-03-12,CUST0272,Manual,Books,1,56.14
ORD000720,2025-03-12,CUST0078,Headphones,Electronics,2,77.5
ORD000683,2025-03-13,CUST0142,Phone,Electronics,1,686.41
ORD000592,2025-03-13,CUST0370,Manual,Books,2,51.25
ORD000463,2025-03-13,CUST0143,Yoga Mat,Sports,2,52.72
ORD000134,2025-03-13,CUST0103,Camera,Electronics,1,225.24
ORD000021,2025-03-13,CUST0382,Running Shoes,Sports,2,59.92
ORD000115,2025-03-13,CUST0431,Curtains,Home,2,155.69
ORD000111,2025-03-14,CUST0470,Headphones,Electronics,1,203.34
ORD000398,2025-03-14,CUST0492,Laptop,Electronics,1,896.03
ORD000832,2025-03-14,CUST0017,Fiction Book,Books,1,73.85
ORD000912,2025-03-14,CUST0247,Pillow,Home,1,61.62
ORD000085,2025-03-14,CUST0137,T-Shirt,Clothing,1,66.64
ORD000873,2025-03-14,CUST0116,Lamp,Home,2,56.1
ORD001439,2025-03-15,CUST0398,Fiction Book,Books,1,72.24
ORD000955,2025-03-15,CUST0104,Dumbbells,Sports,1,167.7
ORD001156,2025-03-15,CUST0419,Fiction Book,Books,3,14.15
ORD001161,2025-03-16,CUST0247,Table,Home,3,120.92
ORD000884,2025-03-16,CUST0243,Jeans,Clothing,1,108.85
ORD000532,2025-03-17,CUST0105,Chair,Home,5,278.22
ORD001201,2025-03-17,CUST0185,Comic,Books,3,76.99
ORD001317,2025-03-17,CUST0405,Tablet,Electronics,2,395.33
ORD000881,2025-03-17,CUST0395,Running Shoes,Sports,1,19.23
ORD001110,2025-03-17,CUST0244,Headphones,Electronics,1,906.28
ORD001112,2025-03-18,CUST0177,Headphones,Electronics,1,189.42
ORD001407,2025-03-18,CUST0008,Camera,Electronics,3,250.81
ORD000318,2025-03-18,CUST0102,Shoes,Clothing,1,35.64
ORD000837,2025-03-19,CUST0384,Tablet,Electronics,4,81.57
ORD000612,2025-03-19,CUST0114,Running Shoes,Sports,3,116.02
ORD001438,2025-03-19,CUST0053,Laptop,Electronics,2,130.97
ORD000151,2025-03-19,CUST0175,Curtains,Home,4,216.33
ORD000787,2025-03-20,CUST0488,Laptop,Electronics,2,443.08
ORD000908,2025-03-20,CUST0336,Chair,Home,1,217.28
ORD000400,2025-03-20,CUST0361,Textbook,Books,3,79.73
ORD001111,2025-03-20,CUST0185,Curtains,Home,3,176.1
ORD000064,2025-03-20,CUST0105,Table,Home,1,94.37
ORD000705,2025-03-21,CUST0365,Basketball,Sports,1,104.27
ORD001084,2025-03-21,CUST0128,Chair,Home,3,131.7
ORD000029,2025-03-21,CUST0498,Tennis Racket,Sports,2,106.46
ORD001100,2025-03-21,CUST0122,Pillow,Home,1,288.39
ORD000092,2025-03-22,CUST0020,Camera,Electronics,2,549.75
ORD000074,2025-03-22,CUST0259,Magazine,Books,3,72.9
ORD000960,2025-03-22,CUST0067,Shoes,Clothing,2,129.21
ORD000781,2025-03-22,CUST0108,T-Shirt,Clothing,2,62.31
ORD000490,2025-03-23,CUST0489,Lamp,Home,3,183.09
ORD001190,2025-03-23,CUST0271,Laptop,Electronics,2,1009.62
ORD001441,2025-03-23,CUST0078,Pillow,Home,4,180.9
ORD001225,2025-03-23,CUST0398,Magazine,Books,1,56.36
ORD000653,2025-03-23,CUST0488,Basketball,Sports,2,35.76
ORD000644,2025-03-24,CUST0397,Yoga Mat,Sports,1,112.99
ORD000802,2025-03-24,CUST0289,Phone,Electronics,1,915.07
ORD000823,2025-03-24,CUST0460,Chair,Home,1,114.6
ORD000583,2025-03-25,CUST0053,T-Shirt,Clothing,1,40.3
ORD000017,2025-03-25,CUST0474,Tennis Racket,Sports,1,140.08
ORD001474,2025-03-25,CUST0268,Comic,Books,1,22.94
ORD001241,2025-03-25,CUST0340,Chair,Home,3,25.34
ORD000243,2025-03-26,CUST0426,Dress,Clothing,4,138.4
ORD000730,2025-03-26,CUST0120,Phone,Electronics,1,206.53
ORD000125,2025-03-26,CUST0224,Fiction Book,Books,1,34.16
ORD000466,2025-03-27,CUST0148,Camera,Electronics,1,828.12
ORD000668,2025-03-27,CUST0048,Lamp,Home,1,43.08
ORD001306,2025-03-27,CUST0169,Dumbbells,Sports,3,109.68
ORD000152,2025-03-28,CUST0285,Camera,Electronics,1,1140.27
ORD000848,2025-03-28,CUST0134,Table,Home,5,61.98
ORD001074,2025-03-28,CUST0116,Tennis Racket,Sports,1,96.4
ORD000290,2025-03-29,CUST0294,Jacket,Clothing,2,129.1
ORD001296,2025-03-29,CUST0318,Tennis Racket,Sports,1,19.29
ORD001406,2025-03-29,CUST0130,Shoes,Clothing,1,52.93
ORD000044,2025-03-29,CUST0343,Textbook,Books,4,45.44
ORD000916,2025-03-29,CUST0026,Tennis Racket,Sports,1,114.59
ORD000659,2025-03-29,CUST0356,Pillow,Home,2,286.07
ORD000600,2025-03-30,CUST0419,Magazine,Books,1,13.54
ORD000757,2025-03-30,CUST0030,Manual,Books,2,31.81
ORD001103,2025-03-30,CUST0231,Shoes,Clothing,3,32.7
ORD001395,2025-03-30,CUST0239,Basketball,Sports,1,109.44
ORD001250,2025-03-30,CUST0116,Dress,Clothing,2,136.12
ORD000793,2025-03-31,CUST0153,T-Shirt,Clothing,2,21.7
ORD000540,2025-03-31,CUST0195,Manual,Books,1,53.65
ORD000208,2025-03-31,CUST0372,Curtains,Home,2,182.38
ORD001115,2025-04-01,CUST0182,Curtains,Home,2,156.5
ORD001483,2025-04-01,CUST0108,Magazine,Books,2,30.07
ORD000355,2025-04-01,CUST0043,Dress,Clothing,1,75.66
ORD001426,2025-04-01,CUST0129,T-Shirt,Clothing,4,18.2
ORD001129,2025-04-01,CUST0227,Jeans,Clothing,1,86.11
ORD000236,2025-04-02,CUST0398,Shoes,Clothing,2,123.26
ORD000401,2025-04-02,CUST0356,Textbook,Books,1,14.2
ORD000361,2025-04-02,CUST0470,Textbook,Books,1,61.91
ORD001342,2025-04-02,CUST0142,Yoga Mat,Sports,1,156.83
ORD001233,2025-04-03,CUST0008,Chair,Home,1,105.43
ORD000642,2025-04-03,CUST0087,Manual,Books,1,60.69
ORD000636,2025-04-03,CUST0072,Dress,Clothing,1,128.67
ORD000221,2025-04-03,CUST0117,Headphones,Electronics,2,1175.09
ORD000305,2025-04-04,CUST0168,Laptop,Electronics,2,621.99
ORD000603,2025-04-05,CUST0426,Headphones,Electronics,1,823.92
ORD000203,2025-04-05,CUST0261,Pillow,Home,1,253.72
ORD001401,2025-04-06,CUST0149,T-Shirt,Clothing,1,108.83
ORD000344,2025-04-07,CUST0433,Camera,Electronics,1,936.51
ORD000057,2025-04-07,CUST0112,Camera,Electronics,1,896.1
ORD000851,2025-04-07,CUST0133,Comic,Books,1,34.12
ORD000750,2025-04-07,CUST0256,Manual,Books,2,40.93
ORD000464,2025-04-08,CUST0395,Table,Home,2,213.27
ORD000514,2025-04-08,CUST0238,Dumbbells,Sports,3,111.07
ORD000123,2025-04-08,CUST0386,Comic,Books,1,45.37
ORD001324,2025-04-09,CUST0290,Curtains,Home,1,170.05
ORD001212,2025-04-09,CUST0020,Dumbbells,Sports,1,24.91
ORD000591,2025-04-09,CUST0248,Tablet,Electronics,1,339.45
ORD000619,2025-04-09,CUST0023,Laptop,Electronics,3,1026.56
ORD000231,2025-04-09,CUST0328,Magazine,Books,3,39.26
ORD000449,2025-04-09,CUST0304,Curtains,Home,1,251.92
ORD001449,2025-04-09,CUST0357,Fiction Book,Books,4,52.3
ORD000223,2025-04-09,CUST0463,Laptop,Electronics,1,423.03
ORD000676,2025-04-09,CUST0071,Textbook,Books,5,53.12
ORD000100,2025-04-10,CUST0208,Basketball,Sports,1,67.74
ORD000252,2025-04-10,CUST0333,Fiction Book,Books,1,15.48
ORD001248,2025-04-10,CUST0121,Yoga Mat,Sports,1,164.26
ORD000771,2025-04-10,CUST0166,Jeans,Clothing,1,113.87
ORD000232,2025-04-10,CUST0102,Comic,Books,2,13.0
ORD001331,2025-04-10,CUST0111,Yoga Mat,Sports,2,43.25
ORD000963,2025-04-10,CUST0252,Running Shoes,Sports,1,78.04
ORD000824,2025-04-11,CUST0160,Pillow,Home,1,260.31
ORD000418,2025-04-11,CUST0315,Basketball,Sports,1,105.49
ORD000670,2025-04-12,CUST0372,Jacket,Clothing,1,103.49
ORD000632,2025-04-12,CUST0060,Dress,Clothing,3,108.61
ORD000541,2025-04-13,CUST0134,Curtains,Home,4,267.19
ORD001461,2025-04-13,CUST0421,Headphones,Electronics,1,752.91
ORD000380,2025-04-14,CUST0264,Manual,Books,1,40.5
ORD000314,2025-04-14,CUST0382,Table,Home,4,113.26
ORD000342,2025-04-14,CUST0093,Dress,Clothing,1,142.94
ORD001398,2025-04-15,CUST0314,Tablet,Electronics,1,665.29
ORD001341,2025-04-15,CUST0328,Dress,Clothing,1,42.07
ORD001338,2025-04-15,CUST0478,Camera,Electronics,2,1052.66
ORD001153,2025-04-15,CUST0403,Magazine,Books,2,39.78
ORD000716,2025-04-15,CUST0168,Camera,Electronics,4,575.26
ORD000433,2025-04-16,CUST0098,Jacket,Clothing,2,149.46
ORD000309,2025-04-16,CUST0295,Manual,Books,3,35.33
ORD001003,2025-04-16,CUST0127,Jacket,Clothing,3,52.35
ORD000093,2025-04-16,CUST0224,Running Shoes,Sports,3,31.97
ORD001329,2025-04-17,CUST0364,Tablet,Electronics,2,525.95
ORD001092,2025-04-17,CUST0253,Yoga Mat,Sports,2,103.25
ORD000729,2025-04-17,CUST0475,Magazine,Books,1,28.85
ORD001198,2025-04-17,CUST0282,Lamp,Home,4,135.46
ORD001120,2025-04-18,CUST0335,Lamp,Home,1,189.51
ORD000411,2025-04-18,CUST0329,Headphones,Electronics,1,585.71
ORD001310,2025-04-18,CUST0133,Running Shoes,Sports,3,199.05
ORD000428,2025-04-19,CUST0376,Pillow,Home,3,56.61
ORD000850,2025-04-19,CUST0349,T-Shirt,Clothing,2,103.48
ORD000780,2025-04-19,CUST0086,Tablet,Electronics,2,563.62
ORD000523,2025-04-20,CUST0122,Table,Home,4,295.99
ORD000656,2025-04-20,CUST0425,Jacket,Clothing,1,81.08
ORD000211,2025-04-20,CUST0446,Jeans,Clothing,2,92.19
ORD000275,2025-04-20,CUST0312,T-Shirt,Clothing,2,32.04
ORD000937,2025-04-20,CUST0259,Comic,Books,1,78.46
ORD000768,2025-04-21,CUST0031,Phone,Electronics,3,724.6
ORD000962,2025-04-21,CUST0306,Camera,Electronics,2,1019.61
ORD001284,2025-04-21,CUST0355,T-Shirt,Clothing,1,27.31
ORD001181,2025-04-21,CUST0210,Chair,Home,4,46.95
ORD000663,2025-04-21,CUST0425,Lamp,Home,2,173.25
ORD001487,2025-04-22,CUST0215,Dress,Clothing,1,46.06
ORD000311,2025-04-22,CUST0088,Dumbbells,Sports,1,168.08
ORD001099,2025-04-22,CUST0186,Yoga Mat,Sports,3,45.56
ORD000460,2025-04-22,CUST0340,Manual,Books,1,33.26
ORD000814,2025-04-22,CUST0439,Curtains,Home,4,148.28
ORD001131,2025-04-22,CUST0443,Comic,Books,2,78.12
ORD000150,2025-04-22,CUST0094,Textbook,Books,1,31.61
ORD000627,2025-04-22,CUST0101,Fiction Book,Books,1,24.68
ORD000388,2025-04-23,CUST0339,Lamp,Home,1,144.86
ORD000241,2025-04-23,CUST0383,Textbook,Books,4,20.06
ORD001217,2025-04-23,CUST0258,Jeans,Clothing,1,21.82
ORD000736,2025-04-23,CUST0076,Phone,Electronics,3,1163.66
ORD000660,2025-04-23,CUST0298,Laptop,Electronics,2,890.57
ORD000546,2025-04-24,CUST0118,Manual,Books,1,67.5
ORD000595,2025-04-24,CUST0226,Pillow,Home,3,248.33
ORD000340,2025-04-24,CUST0417,Shoes,Clothing,1,27.62
ORD001029,2025-04-25,CUST0369,Headphones,Electronics,1,826.51
ORD000822,2025-04-25,CUST0354,T-Shirt,Clothing,1,115.68
ORD000859,2025-04-25,CUST0191,Curtains,Home,2,102.33
ORD000611,2025-04-25,CUST0495,Fiction Book,Books,1,5.79
ORD000120,2025-04-25,CUST0278,Comic,Books,2,9.67
ORD000474,2025-04-25,CUST0368,Fiction Book,Books,3,56.09
ORD000745,2025-04-25,CUST0063,Headphones,Electronics,1,108.23
ORD001339,2025-04-26,CUST0240,Laptop,Electronics,1,648.66
ORD000076,2025-04-26,CUST0395,Dress,Clothing,2,36.81
ORD000376,2025-04-26,CUST0069,Tablet,Electronics,1,677.92
ORD001352,2025-04-26,CUST0419,Shoes,Clothing,2,25.6
ORD000263,2025-04-26,CUST0125,Shoes,Clothing,1,42.7
ORD001288,2025-04-27,CUST0290,Jeans,Clothing,1,132.29
ORD001118,2025-04-28,CUST0216,Running Shoes,Sports,3,86.91
ORD000008,2025-04-28,CUST0053,Headphones,Electronics,3,161.22
ORD001455,2025-04-28,CUST0404,Headphones,Electronics,1,185.92
ORD000049,2025-04-29,CUST0410,Phone,Electronics,2,270.33
ORD001447,2025-04-30,CUST0042,Magazine,Books,2,53.58
ORD001077,2025-04-30,CUST0485,Camera,Electronics,1,1150.22
ORD001319,2025-04-30,CUST0203,Running Shoes,Sports,1,192.42
ORD000007,2025-04-30,CUST0143,Jeans,Clothing,1,144.22
ORD001496,2025-05-01,CUST0113,Curtains,Home,2,63.9
ORD001101,2025-05-01,CUST0188,Jacket,Clothing,1,72.23
ORD001085,2025-05-01,CUST0039,Tennis Racket,Sports,4,100.55
ORD000939,2025-05-01,CUST0497,Pillow,Home,1,245.34
ORD000330,2025-05-01,CUST0366,Camera,Electronics,1,793.05
ORD001025,2025-05-02,CUST0250,Manual,Books,4,5.49
ORD000993,2025-05-02,CUST0109,Manual,Books,1,15.68
ORD000009,2025-05-02,CUST0310,Chair,Home,2,224.32
ORD000210,2025-05-02,CUST0171,Running Shoes,Sports,1,81.67
ORD001414,2025-05-02,CUST0028,Chair,Home,1,34.71
ORD000574,2025-05-03,CUST0028,Headphones,Electronics,2,316.97
ORD000702,2025-05-03,CUST0268,Yoga Mat,Sports,1,41.72
ORD000142,2025-05-03,CUST0273,Magazine,Books,1,10.17
ORD001227,2025-05-04,CUST0098,Lamp,Home,1,186.29
ORD000512,2025-05-04,CUST0061,Shoes,Clothing,1,68.06
ORD001174,2025-05-04,CUST0166,Magazine,Books,1,70.07
ORD000682,2025-05-05,CUST0494,Magazine,Books,1,64.33
ORD000133,2025-05-05,CUST0115,Laptop,Electronics,1,917.37
ORD000289,2025-05-05,CUST0433,Yoga Mat,Sports,1,31.83
ORD000436,2025-05-06,CUST0025,Tablet,Electronics,2,619.13
ORD000324,2025-05-06,CUST0260,Tablet,Electronics,1,581.0
ORD000549,2025-05-06,CUST0087,Shoes,Clothing,2,80.92
ORD001083,2025-05-06,CUST0265,Basketball,Sports,1,143.16
ORD000763,2025-05-06,CUST0486,Running Shoes,Sports,1,37.0
ORD000390,2025-05-06,CUST0315,Magazine,Books,3,52.96
ORD001311,2025-05-07,CUST0475,Shoes,Clothing,1,90.96
ORD000047,2025-05-07,CUST0217,Comic,Books,1,69.79
ORD001086,2025-05-07,CUST0112,Yoga Mat,Sports,1,44.73
ORD001445,2025-05-09,CUST0171,Pillow,Home,3,35.45
ORD001265,2025-05-09,CUST0041,Textbook,Books,1,42.67
ORD000890,2025-05-09,CUST0361,Magazine,Books,1,17.03
ORD000906,2025-05-09,CUST0314,Phone,Electronics,3,605.54
ORD001380,2025-05-09,CUST0057,Chair,Home,2,85.87
ORD001171,2025-05-09,CUST0371,Dress,Clothing,2,136.32
ORD000754,2025-05-09,CUST0246,Dumbbells,Sports,1,75.37
ORD001005,2025-05-09,CUST0397,Pillow,Home,3,174.47
ORD001450,2025-05-09,CUST0250,Headphones,Electronics,2,895.62
ORD000608,2025-05-10,CUST0360,Running Shoes,Sports,1,131.25
ORD001004,2025-05-10,CUST0069,Pillow,Home,2,149.6
ORD001019,2025-05-10,CUST0199,Comic,Books,4,71.12
ORD001384,2025-05-10,CUST0431,Textbook,Books,1,26.64
ORD000197,2025-05-11,CUST0319,Comic,Books,2,62.0
ORD001028,2025-05-11,CUST0309,Phone,Electronics,3,526.81
ORD000312,2025-05-11,CUST0046,Fiction Book,Books,1,23.25
ORD001002,2025-05-12,CUST0414,Pillow,Home,2,67.22
ORD000348,2025-05-12,CUST0347,Jacket,Clothing,1,97.43
ORD000710,2025-05-12,CUST0197,Jeans,Clothing,2,140.71
ORD000240,2025-05-12,CUST0375,T-Shirt,Clothing,1,137.8
ORD000444,2025-05-13,CUST0387,Jeans,Clothing,1,96.33
ORD000385,2025-05-14,CUST0474,Yoga Mat,Sports,2,162.22
ORD000383,2025-05-14,CUST0224,Comic,Books,2,72.1
ORD000717,2025-05-14,CUST0103,Curtains,Home,3,239.66
ORD000248,2025-05-14,CUST0345,Curtains,Home,4,126.69
ORD000800,2025-05-15,CUST0454,Magazine,Books,4,18.99
ORD000543,2025-05-15,CUST0161,Fiction Book,Books,1,47.19
ORD000533,2025-05-15,CUST0048,Tennis Racket,Sports,5,19.79
ORD000396,2025-05-15,CUST0191,Fiction Book,Books,4,48.04
ORD001018,2025-05-15,CUST0120,Phone,Electronics,2,645.57
ORD000429,2025-05-15,CUST0264,Basketball,Sports,1,70.63
ORD000297,2025-05-15,CUST0160,Curtains,Home,3,186.94
ORD000069,2025-05-15,CUST0146,Jacket,Clothing,1,127.56
ORD001064,2025-05-15,CUST0041,Basketball,Sports,1,147.65
ORD000079,2025-05-15,CUST0299,Tennis Racket,Sports,1,91.66
ORD000726,2025-05-16,CUST0235,Camera,Electronics,3,159.91
ORD000354,2025-05-16,CUST0284,Camera,Electronics,1,1028.84
ORD000284,2025-05-16,CUST0416,Shoes,Clothing,1,23.1
ORD000282,2025-05-17,CUST0489,Jacket,Clothing,1,24.06
ORD000871,2025-05-17,CUST0487,Tablet,Electronics,1,920.37
ORD001332,2025-05-17,CUST0402,Phone,Electronics,2,1100.36
ORD000788,2025-05-18,CUST0083,Camera,Electronics,1,1133.11
ORD000139,2025-05-18,CUST0204,T-Shirt,Clothing,1,94.93
ORD000843,2025-05-18,CUST0437,Pillow,Home,1,90.56
ORD000578,2025-05-18,CUST0222,Shoes,Clothing,4,104.19
ORD000346,2025-05-18,CUST0079,Jeans,Clothing,2,127.23
ORD001052,2025-05-18,CUST0336,Dress,Clothing,2,70.19
ORD001287,2025-05-19,CUST0282,Fiction Book,Books,1,62.62
ORD000534,2025-05-19,CUST0345,Running Shoes,Sports,2,17.51
ORD000917,2025-05-19,CUST0207,T-Shirt,Clothing,1,76.98
ORD000784,2025-05-19,CUST0180,Dumbbells,Sports,1,29.27
ORD001079,2025-05-19,CUST0289,Textbook,Books,1,61.81
ORD000563,2025-05-19,CUST0283,Fiction Book,Books,1,52.76
ORD000467,2025-05-20,CUST0459,Magazine,Books,1,76.6
ORD001304,2025-05-20,CUST0420,Headphones,Electronics,2,1019.81
ORD000130,2025-05-20,CUST0168,Jacket,Clothing,2,59.12
ORD000131,2025-05-20,CUST0143,Magazine,Books,1,67.62
ORD000510,2025-05-21,CUST0230,Comic,Books,2,11.02
ORD000277,2025-05-21,CUST0306,Yoga Mat,Sports,3,96.21
ORD000947,2025-05-21,CUST0075,Laptop,Electronics,1,279.89
ORD000233,2025-05-21,CUST0293,Curtains,Home,2,102.84
ORD000227,2025-05-21,CUST0318,Jacket,Clothing,5,138.23
ORD000634,2025-05-22,CUST0217,Jacket,Clothing,2,100.79
ORD001286,2025-05-22,CUST0373,Running Shoes,Sports,2,190.45
ORD000870,2025-05-22,CUST0003,Camera,Electronics,4,279.33
ORD000675,2025-05-22,CUST0046,Laptop,Electronics,1,410.35
ORD000874,2025-05-22,CUST0258,Yoga Mat,Sports,1,41.73
ORD000384,2025-05-23,CUST0174,Jacket,Clothing,3,108.43
ORD000025,2025-05-23,CUST0196,Dumbbells,Sports,1,110.53
ORD000359,2025-05-23,CUST0042,Table,Home,4,27.89
ORD000441,2025-05-23,CUST0259,Manual,Books,1,25.98
ORD000805,2025-05-24,CUST0420,Dumbbells,Sports,1,193.47
ORD001492,2025-05-24,CUST0192,Jacket,Clothing,1,112.18
ORD000333,2025-05-24,CUST0210,Curtains,Home,1,34.66
ORD000983,2025-05-25,CUST0345,Camera,Electronics,1,56.78
ORD001350,2025-05-26,CUST0092,Running Shoes,Sports,1,129.6
ORD000629,2025-05-26,CUST0301,Tablet,Electronics,1,454.78
ORD000697,2025-05-26,CUST0301,Tablet,Electronics,1,853.48
ORD001155,2025-05-26,CUST0037,Dumbbells,Sports,2,44.5
ORD001357,2025-05-26,CUST0094,Lamp,Home,4,146.92
ORD000435,2025-05-27,CUST0259,Textbook,Books,1,21.14
ORD001218,2025-05-27,CUST0498,Manual,Books,2,48.14
ORD000992,2025-05-27,CUST0276,Basketball,Sports,2,67.89
ORD000737,2025-05-28,CUST0263,Tablet,Electronics,1,349.19
ORD000594,2025-05-28,CUST0171,Dumbbells,Sports,1,162.77
ORD001121,2025-05-28,CUST0139,Magazine,Books,3,61.09
ORD001276,2025-05-28,CUST0377,Camera,Electronics,1,495.51
ORD000247,2025-05-28,CUST0008,Curtains,Home,1,54.6
ORD001071,2025-05-28,CUST0208,Tennis Racket,Sports,1,108.37
ORD000693,2025-05-29,CUST0260,Curtains,Home,2,234.79
ORD001278,2025-05-29,CUST0453,Lamp,Home,5,149.18
ORD000539,2025-05-29,CUST0469,Shoes,Clothing,1,58.42
ORD000409,2025-05-29,CUST0368,Manual,Books,4,35.81
ORD000576,2025-05-29,CUST0497,Chair,Home,4,197.55
ORD000598,2025-05-29,CUST0496,Lamp,Home,1,225.76
ORD000662,2025-05-29,CUST0112,Textbook,Books,5,42.1
ORD000901,2025-05-30,CUST0493,Magazine,Books,1,67.68
ORD000090,2025-05-30,CUST0348,Yoga Mat,Sports,1,188.46
ORD000445,2025-05-31,CUST0257,Laptop,Electronics,3,94.75
ORD000715,2025-05-31,CUST0036,Magazine,Books,1,63.01
ORD001065,2025-05-31,CUST0315,Yoga Mat,Sports,1,145.21
ORD001060,2025-05-31,CUST0403,Curtains,Home,2,191.93
ORD000520,2025-05-31,CUST0225,Shoes,Clothing,1,44.33
ORD000439,2025-06-01,CUST0188,Headphones,Electronics,2,108.83
ORD000195,2025-06-01,CUST0443,Basketball,Sports,1,134.96
ORD001075,2025-06-01,CUST0295,Tablet,Electronics,5,251.29
ORD001382,2025-06-02,CUST0196,Manual,Books,1,20.84
ORD000493,2025-06-02,CUST0352,Yoga Mat,Sports,1,141.16
ORD001370,2025-06-02,CUST0036,Basketball,Sports,1,140.25
ORD000046,2025-06-03,CUST0098,Laptop,Electronics,2,807.83
ORD000828,2025-06-03,CUST0380,Manual,Books,1,70.04
ORD000410,2025-06-04,CUST0422,Basketball,Sports,1,33.81
ORD000098,2025-06-04,CUST0168,Magazine,Books,1,46.58
ORD000928,2025-06-04,CUST0055,Curtains,Home,2,74.86
ORD000819,2025-06-05,CUST0136,Comic,Books,1,47.9
ORD000654,2025-06-05,CUST0471,Tablet,Electronics,2,1047.1
ORD001031,2025-06-05,CUST0012,T-Shirt,Clothing,1,32.26
ORD001037,2025-06-05,CUST0308,Shoes,Clothing,1,125.76
ORD000587,2025-06-06,CUST0199,Camera,Electronics,1,1090.99
ORD001489,2025-06-06,CUST0446,Jacket,Clothing,1,135.33
ORD001137,2025-06-06,CUST0134,Dress,Clothing,3,16.43
ORD001282,2025-06-06,CUST0166,Fiction Book,Books,2,18.42
ORD000804,2025-06-06,CUST0498,Tennis Racket,Sports,2,115.18
ORD001412,2025-06-06,CUST0395,Textbook,Books,1,54.55
ORD001260,2025-06-06,CUST0493,Magazine,Books,2,38.23
ORD000504,2025-06-07,CUST0234,Basketball,Sports,3,116.17
ORD001189,2025-06-07,CUST0421,Chair,Home,1,250.62
ORD001315,2025-06-07,CUST0212,Tablet,Electronics,1,452.1
ORD000358,2025-06-07,CUST0028,Manual,Books,2,33.05
ORD000207,2025-06-07,CUST0175,Yoga Mat,Sports,1,165.9
ORD000712,2025-06-08,CUST0469,Lamp,Home,2,251.28
ORD000531,2025-06-08,CUST0286,Tennis Racket,Sports,3,83.8
ORD000528,2025-06-08,CUST0210,Dress,Clothing,1,65.82
ORD001102,2025-06-09,CUST0359,Lamp,Home,4,259.21
ORD000783,2025-06-09,CUST0497,Jacket,Clothing,1,81.57
ORD000816,2025-06-09,CUST0058,Textbook,Books,2,16.11
ORD000517,2025-06-09,CUST0315,Phone,Electronics,1,286.99
ORD000432,2025-06-09,CUST0128,Dress,Clothing,3,141.06
ORD000121,2025-06-10,CUST0200,Basketball,Sports,3,172.78
ORD000946,2025-06-11,CUST0414,Camera,Electronics,1,172.44
ORD000674,2025-06-11,CUST0356,Jacket,Clothing,2,24.56
ORD000507,2025-06-11,CUST0177,Camera,Electronics,4,1193.24
ORD000003,2025-06-11,CUST0017,Laptop,Electronics,2,301.43
ORD001279,2025-06-11,CUST0151,Basketball,Sports,1,141.09
ORD000694,2025-06-11,CUST0360,Fiction Book,Books,1,53.04
ORD001144,2025-06-11,CUST0321,Shoes,Clothing,2,118.21
ORD000386,2025-06-12,CUST0041,Manual,Books,3,79.63
ORD000646,2025-06-12,CUST0053,Dress,Clothing,3,133.1
ORD000389,2025-06-13,CUST0086,Magazine,Books,3,38.53
ORD000526,2025-06-13,CUST0285,Fiction Book,Books,1,77.92
ORD000667,2025-06-14,CUST0104,Dress,Clothing,1,36.46
ORD001140,2025-06-15,CUST0409,Curtains,Home,2,84.74
ORD000306,2025-06-15,CUST0090,Jacket,Clothing,5,86.9
ORD001437,2025-06-15,CUST0112,Basketball,Sports,1,183.4
ORD000186,2025-06-16,CUST0377,Curtains,Home,2,90.1
ORD001420,2025-06-16,CUST0313,Lamp,Home,4,95.69
ORD000934,2025-06-16,CUST0430,Dumbbells,Sports,2,185.63
ORD000145,2025-06-17,CUST0091,Yoga Mat,Sports,1,127.02
ORD001214,2025-06-17,CUST0214,Phone,Electronics,3,909.83
ORD001163,2025-06-17,CUST0167,Phone,Electronics,1,963.55
ORD000791,2025-06-17,CUST0081,Laptop,Electronics,1,430.76
ORD000028,2025-06-17,CUST0081,Fiction Book,Books,2,76.54
ORD000812,2025-06-17,CUST0104,Shoes,Clothing,3,49.81
ORD001366,2025-06-17,CUST0291,Curtains,Home,1,214.36
ORD000772,2025-06-18,CUST0406,Magazine,Books,3,18.07
ORD001491,2025-06-18,CUST0075,Shoes,Clothing,1,76.42
ORD000199,2025-06-19,CUST0451,Fiction Book,Books,3,7.17
ORD001170,2025-06-19,CUST0376,T-Shirt,Clothing,1,108.05
ORD001270,2025-06-19,CUST0444,Dumbbells,Sports,1,140.69
ORD000987,2025-06-19,CUST0196,Fiction Book,Books,2,40.55
ORD000899,2025-06-19,CUST0490,Yoga Mat,Sports,1,176.91
ORD000457,2025-06-20,CUST0161,Textbook,Books,1,35.97
ORD000680,2025-06-21,CUST0441,T-Shirt,Clothing,3,136.04
ORD000323,2025-06-21,CUST0324,Lamp,Home,2,185.6
ORD000077,2025-06-21,CUST0283,Manual,Books,3,5.73
ORD000300,2025-06-21,CUST0213,Table,Home,1,231.38
ORD000826,2025-06-21,CUST0397,Lamp,Home,4,224.06
ORD000173,2025-06-21,CUST0153,Dumbbells,Sports,2,68.02
ORD000113,2025-06-21,CUST0314,Dumbbells,Sports,4,167.81
ORD000640,2025-06-22,CUST0251,T-Shirt,Clothing,1,91.33
ORD001333,2025-06-22,CUST0260,Headphones,Electronics,1,1090.7
ORD000744,2025-06-22,CUST0415,T-Shirt,Clothing,2,137.19
ORD001116,2025-06-23,CUST0456,Headphones,Electronics,2,755.71
ORD001375,2025-06-23,CUST0101,Dress,Clothing,1,55.46
ORD000970,2025-06-23,CUST0124,Running Shoes,Sports,1,56.33
ORD001290,2025-06-23,CUST0148,T-Shirt,Clothing,1,136.3
ORD001059,2025-06-23,CUST0401,T-Shirt,Clothing,1,43.95
ORD000810,2025-06-24,CUST0089,Jeans,Clothing,1,124.14
ORD000584,2025-06-24,CUST0286,Running Shoes,Sports,1,87.53
ORD000349,2025-06-24,CUST0120,Tennis Racket,Sports,1,68.8
ORD001418,2025-06-24,CUST0196,Curtains,Home,1,211.21
ORD000982,2025-06-25,CUST0323,Comic,Books,3,28.73
ORD000577,2025-06-25,CUST0252,Dress,Clothing,1,89.66
ORD000932,2025-06-25,CUST0235,Running Shoes,Sports,3,35.58
ORD001454,2025-06-25,CUST0495,Laptop,Electronics,2,440.18
ORD000040,2025-06-26,CUST0062,Jeans,Clothing,1,23.64
ORD001374,2025-06-26,CUST0273,Pillow,Home,1,192.36
ORD001177,2025-06-27,CUST0001,Dumbbells,Sports,3,149.39
ORD000179,2025-06-27,CUST0037,Dress,Clothing,4,121.36
ORD001484,2025-06-27,CUST0023,Laptop,Electronics,1,1113.59
ORD000617,2025-06-28,CUST0402,Shoes,Clothing,1,80.2
ORD001275,2025-06-28,CUST0424,Phone,Electronics,1,646.51
ORD000895,2025-06-28,CUST0152,Pillow,Home,2,34.02
ORD000216,2025-06-28,CUST0008,Jacket,Clothing,1,132.58
ORD001148,2025-06-28,CUST0317,Magazine,Books,2,57.54
ORD001302,2025-06-28,CUST0384,Yoga Mat,Sports,4,186.98
ORD000630,2025-06-29,CUST0317,Dress,Clothing,1,139.02
ORD001245,2025-06-29,CUST0288,Laptop,Electronics,3,334.5
ORD001271,2025-06-29,CUST0455,Jacket,Clothing,2,69.66
ORD001195,2025-06-29,CUST0360,Fiction Book,Books,1,17.51
ORD000593,2025-06-29,CUST0055,Dress,Clothing,1,15.91
ORD001080,2025-06-29,CUST0349,Manual,Books,4,69.65
ORD000661,2025-06-29,CUST0326,Chair,Home,1,242.79
ORD001207,2025-06-30,CUST0183,Jeans,Clothing,2,50.77
ORD000087,2025-06-30,CUST0180,Table,Home,2,82.42
ORD001323,2025-07-01,CUST0402,Fiction Book,Books,3,67.63
ORD001359,2025-07-01,CUST0434,Dress,Clothing,1,118.67
ORD001500,2025-07-01,CUST0143,Headphones,Electronics,3,896.61
ORD000051,2025-07-01,CUST0128,Headphones,Electronics,4,979.23
ORD000622,2025-07-01,CUST0119,Textbook,Books,1,18.98
ORD000112,2025-07-02,CUST0342,Running Shoes,Sports,1,123.14
ORD001117,2025-07-02,CUST0324,Jeans,Clothing,1,101.48
ORD000614,2025-07-02,CUST0396,Running Shoes,Sports,1,38.64
ORD001415,2025-07-02,CUST0205,Magazine,Books,2,40.72
ORD000136,2025-07-03,CUST0359,Lamp,Home,1,66.98
ORD000844,2025-07-03,CUST0155,Running Shoes,Sports,4,85.46
ORD000430,2025-07-03,CUST0063,Pillow,Home,1,89.42
ORD001353,2025-07-03,CUST0291,T-Shirt,Clothing,1,124.73
ORD000102,2025-07-03,CUST0227,Textbook,Books,2,43.34
ORD000732,2025-07-03,CUST0161,Fiction Book,Books,3,45.19
ORD000542,2025-07-03,CUST0051,Magazine,Books,2,73.57
ORD000245,2025-07-04,CUST0494,Phone,Electronics,1,917.27
ORD000434,2025-07-04,CUST0256,Pillow,Home,1,26.49
ORD000191,2025-07-05,CUST0179,Magazine,Books,1,29.08
ORD000132,2025-07-05,CUST0010,Basketball,Sports,1,199.98
ORD000350,2025-07-05,CUST0463,Dress,Clothing,2,106.57
ORD000362,2025-07-05,CUST0230,Basketball,Sports,2,182.11
ORD001459,2025-07-06,CUST0465,Basketball,Sports,1,56.11
ORD000856,2025-07-06,CUST0066,Curtains,Home,1,233.62
ORD000691,2025-07-06,CUST0489,Laptop,Electronics,1,725.47
ORD000250,2025-07-06,CUST0013,Running Shoes,Sports,3,72.32
ORD000204,2025-07-06,CUST0125,Manual,Books,3,15.85
ORD001234,2025-07-06,CUST0012,Table,Home,1,227.2
ORD000820,2025-07-07,CUST0020,Dress,Clothing,1,69.4
ORD000213,2025-07-07,CUST0362,Comic,Books,2,79.13
ORD000836,2025-07-07,CUST0301,Yoga Mat,Sports,1,75.41
ORD000807,2025-07-08,CUST0154,Headphones,Electronics,4,1088.19
ORD000476,2025-07-08,CUST0245,Dress,Clothing,5,58.36
ORD000618,2025-07-08,CUST0050,Comic,Books,1,28.92
ORD001473,2025-07-08,CUST0355,Jeans,Clothing,3,34.32
ORD000059,2025-07-09,CUST0258,Tennis Racket,Sports,1,20.81
ORD001049,2025-07-09,CUST0393,T-Shirt,Clothing,3,53.24
ORD000168,2025-07-09,CUST0059,Headphones,Electronics,1,615.51
ORD000538,2025-07-10,CUST0469,Shoes,Clothing,1,110.01
ORD001321,2025-07-10,CUST0470,Fiction Book,Books,1,53.42
ORD000785,2025-07-10,CUST0404,Tennis Racket,Sports,1,40.9
ORD001030,2025-07-10,CUST0108,Tennis Racket,Sports,3,132.98
ORD000054,2025-07-11,CUST0110,Fiction Book,Books,3,17.35
ORD000244,2025-07-11,CUST0496,Lamp,Home,1,245.19
ORD000847,2025-07-11,CUST0033,Lamp,Home,1,199.37
ORD001047,2025-07-11,CUST0405,Magazine,Books,1,49.18
ORD001081,2025-07-11,CUST0060,Chair,Home,3,127.15
ORD001322,2025-07-11,CUST0080,Manual,Books,1,72.19
ORD001057,2025-07-12,CUST0130,Curtains,Home,3,116.42
ORD000161,2025-07-12,CUST0142,Running Shoes,Sports,1,123.39
ORD000343,2025-07-13,CUST0099,Jeans,Clothing,1,35.92
ORD001172,2025-07-13,CUST0362,Manual,Books,5,27.1
ORD000035,2025-07-13,CUST0418,Camera,Electronics,4,930.71
ORD000907,2025-07-14,CUST0058,Comic,Books,3,8.45
ORD000998,2025-07-14,CUST0488,Lamp,Home,1,55.9
ORD001108,2025-07-14,CUST0154,Curtains,Home,3,260.38
ORD001471,2025-07-14,CUST0042,Laptop,Electronics,2,256.32
ORD000628,2025-07-15,CUST0271,Curtains,Home,2,128.82
ORD000835,2025-07-15,CUST0305,Textbook,Books,1,77.04
ORD000548,2025-07-15,CUST0495,Comic,Books,2,17.62
ORD000465,2025-07-15,CUST0163,Magazine,Books,4,47.04
ORD000868,2025-07-15,CUST0403,Phone,Electronics,1,756.65
ORD000765,2025-07-16,CUST0020,Laptop,Electronics,1,317.52
ORD001435,2025-07-16,CUST0476,Shoes,Clothing,1,68.01
ORD001149,2025-07-16,CUST0097,Chair,Home,3,62.6
ORD001267,2025-07-16,CUST0243,Jeans,Clothing,1,41.09
ORD000719,2025-07-17,CUST0396,Shoes,Clothing,1,117.67
ORD000185,2025-07-17,CUST0225,Camera,Electronics,1,95.84
ORD000643,2025-07-18,CUST0282,Basketball,Sports,1,118.82
ORD000639,2025-07-18,CUST0210,Comic,Books,1,58.26
ORD000193,2025-07-18,CUST0148,Manual,Books,4,7.75
ORD001292,2025-07-19,CUST0438,Manual,Books,1,65.56
ORD001330,2025-07-19,CUST0450,Dress,Clothing,1,76.01
ORD000367,2025-07-20,CUST0306,Basketball,Sports,4,130.07
ORD000399,2025-07-20,CUST0266,Manual,Books,3,13.83
ORD000933,2025-07-20,CUST0003,Basketball,Sports,5,115.11
ORD000547,2025-07-20,CUST0282,Lamp,Home,1,233.74
ORD001476,2025-07-20,CUST0314,Tablet,Electronics,2,450.03
ORD000020,2025-07-20,CUST0203,Textbook,Books,1,24.87
ORD001391,2025-07-20,CUST0434,Shoes,Clothing,1,51.35
ORD000329,2025-07-21,CUST0078,Headphones,Electronics,1,169.03
ORD001222,2025-07-21,CUST0223,Jeans,Clothing,1,79.92
ORD000352,2025-07-22,CUST0271,Textbook,Books,3,66.27
ORD000553,2025-07-23,CUST0234,Chair,Home,2,192.99
ORD000004,2025-07-23,CUST0309,Camera,Electronics,2,278.66
ORD000834,2025-07-23,CUST0204,Laptop,Electronics,1,328.23
ORD000830,2025-07-24,CUST0207,Shoes,Clothing,1,133.71
ORD000372,2025-07-24,CUST0284,Headphones,Electronics,1,1054.33
ORD001076,2025-07-24,CUST0055,Basketball,Sports,1,105.6
ORD001389,2025-07-25,CUST0218,Dumbbells,Sports,4,83.1
ORD000686,2025-07-25,CUST0097,Magazine,Books,2,53.46
ORD000060,2025-07-25,CUST0042,T-Shirt,Clothing,1,95.33
ORD000974,2025-07-25,CUST0229,Fiction Book,Books,1,27.23
ORD001093,2025-07-26,CUST0144,Textbook,Books,2,61.26
ORD000706,2025-07-26,CUST0185,Headphones,Electronics,5,1038.26
ORD001013,2025-07-26,CUST0047,Magazine,Books,4,42.66
ORD000503,2025-07-26,CUST0229,Headphones,Electronics,1,201.74
ORD000633,2025-07-26,CUST0199,Manual,Books,2,15.34
ORD000356,2025-07-27,CUST0076,Fiction Book,Books,2,75.98
ORD000840,2025-07-27,CUST0011,Headphones,Electronics,2,1098.24
ORD000487,2025-07-28,CUST0168,Headphones,Electronics,1,819.64
ORD001442,2025-07-28,CUST0363,Comic,Books,1,37.7
ORD000412,2025-07-29,CUST0177,Shoes,Clothing,4,101.37
ORD001203,2025-07-30,CUST0070,Chair,Home,1,104.09
ORD000416,2025-07-30,CUST0459,Chair,Home,1,90.17
ORD001122,2025-07-31,CUST0495,Comic,Books,4,17.55
ORD001423,2025-07-31,CUST0173,Dress,Clothing,1,88.93
ORD000524,2025-07-31,CUST0114,Magazine,Books,3,25.64
ORD000965,2025-07-31,CUST0035,Tennis Racket,Sports,1,89.03
ORD001312,2025-07-31,CUST0374,Comic,Books,3,65.6
ORD001021,2025-07-31,CUST0325,Lamp,Home,2,182.02
ORD001138,2025-08-01,CUST0418,Dress,Clothing,1,53.71
ORD001499,2025-08-01,CUST0251,Shoes,Clothing,1,78.92
ORD001425,2025-08-02,CUST0054,Magazine,Books,5,21.46
ORD001335,2025-08-02,CUST0159,Table,Home,5,235.45
ORD001216,2025-08-02,CUST0022,Curtains,Home,1,178.18
ORD000345,2025-08-03,CUST0020,Curtains,Home,1,56.69
ORD001238,2025-08-03,CUST0023,Table,Home,1,36.83
ORD000559,2025-08-03,CUST0130,Lamp,Home,3,242.58
ORD001410,2025-08-04,CUST0442,Tablet,Electronics,3,1181.68
ORD000037,2025-08-04,CUST0447,Dumbbells,Sports,1,193.23
ORD000473,2025-08-05,CUST0116,T-Shirt,Clothing,1,28.53
ORD000872,2025-08-05,CUST0098,Laptop,Electronics,1,770.69
ORD001478,2025-08-05,CUST0049,Yoga Mat,Sports,3,173.92
ORD000397,2025-08-05,CUST0188,Magazine,Books,3,53.72
ORD000032,2025-08-05,CUST0471,Camera,Electronics,1,422.78
ORD001246,2025-08-05,CUST0157,Pillow,Home,2,130.15
ORD000157,2025-08-05,CUST0177,Manual,Books,2,29.81
ORD001416,2025-08-06,CUST0120,Comic,Books,4,40.59
ORD001244,2025-08-06,CUST0046,Jeans,Clothing,3,82.59
ORD000450,2025-08-06,CUST0251,Yoga Mat,Sports,1,100.23
ORD001146,2025-08-06,CUST0415,Pillow,Home,3,72.64
ORD001139,2025-08-07,CUST0005,Comic,Books,1,27.47
ORD001150,2025-08-07,CUST0012,T-Shirt,Clothing,3,53.09
ORD000988,2025-08-07,CUST0113,Jacket,Clothing,1,122.56
ORD000219,2025-08-07,CUST0195,Pillow,Home,2,264.27
ORD000160,2025-08-08,CUST0487,Jeans,Clothing,2,44.21
ORD001457,2025-08-08,CUST0077,Tennis Racket,Sports,2,185.72
ORD000010,2025-08-08,CUST0064,Fiction Book,Books,2,46.4
ORD000050,2025-08-08,CUST0230,Jacket,Clothing,1,39.77
ORD000027,2025-08-08,CUST0385,Lamp,Home,1,51.23
ORD001054,2025-08-08,CUST0217,Yoga Mat,Sports,3,126.26
ORD000966,2025-08-08,CUST0207,Tablet,Electronics,1,304.38
ORD000254,2025-08-09,CUST0070,Comic,Books,1,32.83
ORD000146,2025-08-09,CUST0397,Comic,Books,1,37.67
ORD000529,2025-08-09,CUST0243,Jeans,Clothing,1,55.6
ORD000695,2025-08-09,CUST0316,Dress,Clothing,1,26.29
ORD000497,2025-08-09,CUST0411,Jeans,Clothing,2,106.85
ORD000652,2025-08-09,CUST0087,Lamp,Home,2,101.01
ORD001078,2025-08-09,CUST0417,Yoga Mat,Sports,2,141.9
ORD000572,2025-08-10,CUST0170,Textbook,Books,3,64.29
ORD001095,2025-08-10,CUST0017,Yoga Mat,Sports,1,84.81
ORD000242,2025-08-10,CUST0449,Curtains,Home,4,160.5
ORD000038,2025-08-10,CUST0387,Dress,Clothing,1,68.86
ORD001011,2025-08-10,CUST0242,Dress,Clothing,1,67.99
ORD001453,2025-08-10,CUST0330,Pillow,Home,3,169.5
ORD001479,2025-08-10,CUST0260,Jacket,Clothing,3,118.99
ORD001132,2025-08-10,CUST0479,Curtains,Home,1,144.56
ORD000721,2025-08-11,CUST0178,Tablet,Electronics,4,51.68
ORD001254,2025-08-11,CUST0068,Jeans,Clothing,1,93.44
ORD000550,2025-08-11,CUST0329,Camera,Electronics,3,88.9
ORD001091,2025-08-11,CUST0491,Headphones,Electronics,4,476.88
ORD000196,2025-08-11,CUST0237,Fiction Book,Books,1,19.07
ORD000753,2025-08-12,CUST0407,Headphones,Electronics,2,949.2
ORD001050,2025-08-12,CUST0210,Table,Home,1,21.53
ORD000124,2025-08-13,CUST0410,Tennis Racket,Sports,1,102.76
ORD000989,2025-08-13,CUST0152,Dress,Clothing,1,106.43
ORD001200,2025-08-13,CUST0110,Manual,Books,1,74.46
ORD001392,2025-08-13,CUST0296,Chair,Home,1,293.91
ORD001236,2025-08-14,CUST0248,Tennis Racket,Sports,1,142.06
ORD000114,2025-08-14,CUST0229,Jacket,Clothing,3,75.76
ORD000500,2025-08-14,CUST0463,Tennis Racket,Sports,5,118.81
ORD000891,2025-08-14,CUST0255,Jacket,Clothing,2,59.63
ORD000996,2025-08-15,CUST0237,Basketball,Sports,1,65.22
ORD000602,2025-08-15,CUST0014,Textbook,Books,1,37.88
ORD001318,2025-08-15,CUST0166,Laptop,Electronics,2,838.71
ORD000739,2025-08-15,CUST0128,Headphones,Electronics,1,167.19
ORD000052,2025-08-15,CUST0051,Camera,Electronics,3,1011.43
ORD000404,2025-08-15,CUST0278,Lamp,Home,3,258.38
ORD001379,2025-08-15,CUST0496,Laptop,Electronics,1,858.86
ORD000621,2025-08-16,CUST0082,Curtains,Home,1,139.38
ORD000408,2025-08-16,CUST0067,Basketball,Sports,1,22.49
ORD000264,2025-08-17,CUST0107,Tennis Racket,Sports,2,164.48
ORD000026,2025-08-17,CUST0441,Laptop,Electronics,3,833.97
ORD000071,2025-08-17,CUST0154,Phone,Electronics,3,354.14
ORD001498,2025-08-17,CUST0438,T-Shirt,Clothing,1,70.58
ORD001258,2025-08-19,CUST0273,Phone,Electronics,1,415.24
ORD000525,2025-08-19,CUST0486,Tennis Racket,Sports,3,128.94
ORD001056,2025-08-19,CUST0248,Dress,Clothing,1,90.48
ORD000335,2025-08-19,CUST0348,Magazine,Books,1,23.9
ORD001194,2025-08-19,CUST0213,Camera,Electronics,2,461.66
ORD000913,2025-08-19,CUST0457,Basketball,Sports,2,12.21
ORD001073,2025-08-20,CUST0469,Yoga Mat,Sports,1,76.02
ORD000082,2025-08-20,CUST0453,Manual,Books,2,61.21
ORD000285,2025-08-21,CUST0288,Chair,Home,2,135.03
ORD000922,2025-08-21,CUST0106,Magazine,Books,1,32.25
ORD000440,2025-08-21,CUST0100,Curtains,Home,1,100.81
ORD001142,2025-08-21,CUST0224,Textbook,Books,1,17.25
ORD000969,2025-08-21,CUST0422,Laptop,Electronics,2,819.28
ORD000952,2025-08-21,CUST0200,Shoes,Clothing,2,120.88
ORD000773,2025-08-21,CUST0356,Yoga Mat,Sports,1,52.42
ORD000571,2025-08-22,CUST0124,Dumbbells,Sports,2,138.64
ORD000320,2025-08-22,CUST0390,Dumbbells,Sports,1,139.42
ORD000601,2025-08-22,CUST0103,Running Shoes,Sports,1,44.19
ORD000170,2025-08-22,CUST0486,Chair,Home,2,298.3
ORD000421,2025-08-22,CUST0022,Laptop,Electronics,3,102.28
ORD000321,2025-08-23,CUST0330,Yoga Mat,Sports,2,174.21
ORD000755,2025-08-23,CUST0258,Pillow,Home,1,95.72
ORD001016,2025-08-23,CUST0338,Jacket,Clothing,4,141.79
ORD000235,2025-08-23,CUST0443,Camera,Electronics,1,906.95
ORD000777,2025-08-24,CUST0017,Shoes,Clothing,1,57.96
ORD000395,2025-08-24,CUST0017,Tennis Racket,Sports,1,139.02
ORD000481,2025-08-24,CUST0309,Tablet,Electronics,2,377.25
ORD001393,2025-08-24,CUST0248,Chair,Home,1,182.48
ORD000183,2025-08-25,CUST0472,Pillow,Home,4,54.82
ORD000062,2025-08-25,CUST0127,Running Shoes,Sports,1,17.55
ORD001022,2025-08-25,CUST0090,Comic,Books,1,32.4
ORD000864,2025-08-25,CUST0458,Textbook,Books,1,28.73
ORD000149,2025-08-25,CUST0313,Magazine,Books,1,7.15
ORD000905,2025-08-25,CUST0348,Textbook,Books,1,50.85
ORD000690,2025-08-25,CUST0216,Curtains,Home,1,211.22
ORD000328,2025-08-26,CUST0334,Dress,Clothing,2,96.68
ORD000045,2025-08-26,CUST0296,Textbook,Books,1,63.85
ORD001273,2025-08-26,CUST0305,Running Shoes,Sports,3,131.86
ORD000423,2025-08-26,CUST0214,Basketball,Sports,1,104.63
ORD001206,2025-08-26,CUST0475,Tennis Racket,Sports,3,27.91
ORD000713,2025-08-26,CUST0191,Camera,Electronics,1,824.32
ORD000809,2025-08-26,CUST0347,Tennis Racket,Sports,1,32.85
ORD000794,2025-08-26,CUST0282,Textbook,Books,2,9.09
ORD000351,2025-08-26,CUST0226,Magazine,Books,2,63.36
ORD000491,2025-08-27,CUST0006,Lamp,Home,1,213.98
ORD001033,2025-08-27,CUST0076,Phone,Electronics,1,347.0
ORD000746,2025-08-27,CUST0222,Comic,Books,3,7.21
ORD001400,2025-08-27,CUST0376,Pillow,Home,2,118.82
ORD000166,2025-08-27,CUST0146,Comic,Books,3,38.04
ORD000708,2025-08-27,CUST0346,Phone,Electronics,3,901.9
ORD000918,2025-08-27,CUST0230,Headphones,Electronics,4,564.13
ORD000122,2025-08-28,CUST0195,Fiction Book,Books,3,75.71
ORD001104,2025-08-28,CUST0352,T-Shirt,Clothing,4,112.31
ORD001465,2025-08-28,CUST0280,Dress,Clothing,5,127.92
ORD000981,2025-08-28,CUST0421,Dress,Clothing,1,70.03
ORD000368,2025-08-28,CUST0124,Dress,Clothing,4,72.95
ORD000522,2025-08-28,CUST0164,Running Shoes,Sports,1,156.78
ORD001226,2025-08-28,CUST0046,Headphones,Electronics,2,537.07
ORD000657,2025-08-29,CUST0324,Pillow,Home,1,125.05
ORD000094,2025-08-29,CUST0098,Chair,Home,2,218.46
ORD000169,2025-08-29,CUST0323,Phone,Electronics,1,221.58
ORD000327,2025-08-31,CUST0284,Headphones,Electronics,2,1095.41
ORD001373,2025-08-31,CUST0463,Phone,Electronics,3,810.01
ORD001377,2025-09-01,CUST0005,Running Shoes,Sports,1,86.8
ORD000945,2025-09-01,CUST0293,Manual,Books,1,26.44
ORD000452,2025-09-01,CUST0158,Camera,Electronics,2,595.78
ORD001208,2025-09-01,CUST0128,Dress,Clothing,1,124.5
ORD000337,2025-09-01,CUST0340,Dress,Clothing,3,56.88
ORD000758,2025-09-02,CUST0120,T-Shirt,Clothing,2,48.46
ORD000022,2025-09-02,CUST0220,Dumbbells,Sports,1,78.78
ORD000731,2025-09-02,CUST0056,T-Shirt,Clothing,1,37.19
ORD000545,2025-09-02,CUST0297,Magazine,Books,2,16.43
ORD001164,2025-09-02,CUST0062,Textbook,Books,2,5.67
ORD000472,2025-09-03,CUST0123,T-Shirt,Clothing,4,105.43
ORD000570,2025-09-03,CUST0074,Fiction Book,Books,1,27.45
ORD000817,2025-09-04,CUST0299,Laptop,Electronics,2,697.09
ORD000774,2025-09-04,CUST0418,Jacket,Clothing,1,56.42
ORD000313,2025-09-04,CUST0206,Basketball,Sports,1,85.2
ORD000006,2025-09-04,CUST0143,Phone,Electronics,1,852.86
ORD000649,2025-09-04,CUST0353,Curtains,Home,3,197.18
ORD001012,2025-09-04,CUST0376,Table,Home,5,150.12
ORD001363,2025-09-05,CUST0212,Shoes,Clothing,2,47.9
ORD001462,2025-09-05,CUST0033,Laptop,Electronics,2,621.72
ORD000631,2025-09-05,CUST0044,Dress,Clothing,2,30.91
ORD001408,2025-09-05,CUST0379,Jacket,Clothing,3,64.92
ORD001010,2025-09-05,CUST0109,Camera,Electronics,1,349.71
ORD001283,2025-09-05,CUST0460,Jacket,Clothing,2,27.17
ORD000215,2025-09-05,CUST0170,Headphones,Electronics,2,164.67
ORD000147,2025-09-06,CUST0138,Table,Home,2,252.6
ORD001032,2025-09-06,CUST0083,Shoes,Clothing,2,20.29
ORD000128,2025-09-06,CUST0289,Laptop,Electronics,3,789.16
ORD001452,2025-09-06,CUST0123,Comic,Books,2,9.72
ORD000846,2025-09-07,CUST0312,Lamp,Home,1,211.64
ORD001066,2025-09-08,CUST0030,Jacket,Clothing,2,74.26
ORD001402,2025-09-08,CUST0384,Curtains,Home,1,92.92
ORD000876,2025-09-08,CUST0269,Pillow,Home,1,268.63
ORD001371,2025-09-08,CUST0395,Magazine,Books,5,42.07
ORD000498,2025-09-08,CUST0448,Camera,Electronics,1,563.76
ORD000586,2025-09-09,CUST0402,Pillow,Home,1,23.46
ORD001175,2025-09-09,CUST0469,Tennis Racket,Sports,2,23.09
ORD000606,2025-09-09,CUST0246,Dumbbells,Sports,1,111.53
ORD001068,2025-09-09,CUST0262,Tennis Racket,Sports,1,126.89
ORD001063,2025-09-10,CUST0223,Laptop,Electronics,3,352.56
ORD001043,2025-09-10,CUST0020,Running Shoes,Sports,1,152.95
ORD000141,2025-09-10,CUST0413,Camera,Electronics,4,950.03
ORD001295,2025-09-10,CUST0308,Phone,Electronics,3,1064.49
ORD000684,2025-09-10,CUST0370,Yoga Mat,Sports,2,158.0
ORD000287,2025-09-10,CUST0160,Chair,Home,1,181.82
ORD000597,2025-09-11,CUST0486,Jacket,Clothing,2,57.41
ORD001215,2025-09-11,CUST0476,Headphones,Electronics,2,112.25
ORD000957,2025-09-11,CUST0101,Dress,Clothing,2,75.59
ORD000278,2025-09-12,CUST0221,Laptop,Electronics,2,1030.71
ORD000073,2025-09-12,CUST0108,Table,Home,1,212.5
ORD000921,2025-09-12,CUST0494,Yoga Mat,Sports,3,179.12
ORD000353,2025-09-12,CUST0071,Chair,Home,2,199.53
ORD001309,2025-09-12,CUST0479,Pillow,Home,1,190.48
ORD001266,2025-09-12,CUST0241,Table,Home,1,258.6
ORD000827,2025-09-12,CUST0331,Phone,Electronics,1,557.97
ORD001360,2025-09-12,CUST0295,Shoes,Clothing,2,28.9
ORD001036,2025-09-13,CUST0242,Textbook,Books,2,21.45
ORD000137,2025-09-13,CUST0494,Phone,Electronics,2,1159.43
ORD001042,2025-09-13,CUST0050,Jacket,Clothing,3,136.72
ORD001186,2025-09-13,CUST0368,Laptop,Electronics,4,1119.74
ORD000496,2025-09-13,CUST0192,Manual,Books,1,73.46
ORD000447,2025-09-13,CUST0458,Tennis Racket,Sports,5,72.31
ORD000842,2025-09-14,CUST0413,Lamp,Home,2,138.67
ORD000889,2025-09-14,CUST0103,Curtains,Home,1,292.47
ORD000364,2025-09-14,CUST0271,Fiction Book,Books,2,63.21
ORD001293,2025-09-14,CUST0452,Textbook,Books,2,21.27
ORD001396,2025-09-15,CUST0046,Jacket,Clothing,3,100.14
ORD000332,2025-09-15,CUST0082,Lamp,Home,3,277.02
ORD000251,2025-09-15,CUST0114,Headphones,Electronics,1,1095.8
ORD001313,2025-09-15,CUST0120,Table,Home,2,20.44
ORD000678,2025-09-15,CUST0333,Jacket,Clothing,1,62.41
ORD000107,2025-09-15,CUST0436,Headphones,Electronics,1,526.61
ORD000448,2025-09-16,CUST0164,Jacket,Clothing,3,148.73
ORD001145,2025-09-16,CUST0414,Lamp,Home,1,201.57
ORD000610,2025-09-16,CUST0023,Dumbbells,Sports,2,193.69
ORD001263,2025-09-16,CUST0316,Curtains,Home,1,178.77
ORD000778,2025-09-16,CUST0114,Basketball,Sports,2,187.97
ORD000369,2025-09-17,CUST0181,Shoes,Clothing,1,71.24
ORD000767,2025-09-17,CUST0104,Dress,Clothing,3,111.79
ORD001463,2025-09-18,CUST0113,Phone,Electronics,1,540.14
ORD001229,2025-09-18,CUST0421,Manual,Books,5,15.94
ORD000257,2025-09-18,CUST0209,Chair,Home,4,213.28
ORD001224,2025-09-18,CUST0377,Tennis Racket,Sports,4,56.04
ORD000821,2025-09-19,CUST0312,Fiction Book,Books,3,34.68
ORD000172,2025-09-19,CUST0116,Dumbbells,Sports,1,95.6
ORD001167,2025-09-19,CUST0174,Laptop,Electronics,3,458.85
ORD000984,2025-09-19,CUST0033,Basketball,Sports,1,143.17
ORD000861,2025-09-20,CUST0037,Textbook,Books,3,42.54
ORD000174,2025-09-20,CUST0031,Basketball,Sports,1,190.04
ORD000924,2025-09-20,CUST0308,Magazine,Books,3,58.69
ORD000637,2025-09-20,CUST0028,Chair,Home,2,155.69
ORD000455,2025-09-20,CUST0397,Textbook,Books,1,66.62
ORD000718,2025-09-21,CUST0125,Magazine,Books,4,49.38
ORD000291,2025-09-21,CUST0315,Basketball,Sports,1,125.71
ORD000442,2025-09-22,CUST0349,Basketball,Sports,5,34.45
ORD000276,2025-09-22,CUST0325,Running Shoes,Sports,2,145.31
ORD000420,2025-09-22,CUST0369,Yoga Mat,Sports,3,170.08
ORD000347,2025-09-22,CUST0415,Jacket,Clothing,2,20.9
ORD001249,2025-09-23,CUST0132,Fiction Book,Books,4,75.81
ORD000796,2025-09-23,CUST0308,Textbook,Books,3,12.27
ORD001008,2025-09-23,CUST0040,Laptop,Electronics,3,1027.03
ORD000180,2025-09-23,CUST0302,Jacket,Clothing,1,30.49
ORD001327,2025-09-23,CUST0274,Shoes,Clothing,1,96.77
ORD000322,2025-09-24,CUST0162,Jacket,Clothing,2,24.22
ORD000424,2025-09-24,CUST0280,Lamp,Home,1,155.22
ORD000140,2025-09-24,CUST0125,Tablet,Electronics,5,1027.84
ORD000011,2025-09-24,CUST0317,Curtains,Home,1,73.84
ORD000200,2025-09-25,CUST0312,Jeans,Clothing,3,56.95
ORD001308,2025-09-25,CUST0271,Headphones,Electronics,3,882.69
ORD000742,2025-09-25,CUST0481,Camera,Electronics,1,724.04
ORD000108,2025-09-25,CUST0295,Jacket,Clothing,3,81.74
ORD000885,2025-09-25,CUST0005,Pillow,Home,3,205.27
ORD001403,2025-09-25,CUST0243,Tennis Racket,Sports,1,118.84
ORD000552,2025-09-25,CUST0119,Phone,Electronics,3,60.51
ORD001277,2025-09-25,CUST0493,Phone,Electronics,1,384.86
ORD001134,2025-09-26,CUST0384,Dumbbells,Sports,1,109.46
ORD000334,2025-09-26,CUST0332,Chair,Home,1,112.31
ORD001009,2025-09-26,CUST0016,Running Shoes,Sports,1,86.98
ORD001493,2025-09-26,CUST0184,Table,Home,1,114.05
ORD001470,2025-09-26,CUST0314,Textbook,Books,3,6.17
ORD000926,2025-09-27,CUST0494,Curtains,Home,1,166.16
ORD000104,2025-09-27,CUST0318,Chair,Home,2,249.16
ORD000869,2025-09-27,CUST0220,Comic,Books,3,77.4
ORD000956,2025-09-27,CUST0361,Curtains,Home,1,173.05
ORD001199,2025-09-27,CUST0221,Curtains,Home,2,87.4
ORD000222,2025-09-27,CUST0361,Headphones,Electronics,2,241.32
ORD000599,2025-09-27,CUST0252,Tennis Racket,Sports,1,71.92
ORD001062,2025-09-28,CUST0003,Phone,Electronics,5,592.42
ORD000417,2025-09-28,CUST0490,Yoga Mat,Sports,1,33.78
ORD000014,2025-09-28,CUST0428,Table,Home,1,123.65
ORD000688,2025-09-29,CUST0305,Camera,Electronics,1,1072.03
ORD001497,2025-09-29,CUST0488,Tennis Racket,Sports,2,119.84
ORD000249,2025-09-29,CUST0482,Chair,Home,4,208.95
ORD001261,2025-09-29,CUST0478,Table,Home,1,238.15
ORD000944,2025-09-29,CUST0166,Tablet,Electronics,3,696.62
ORD001413,2025-09-29,CUST0086,Shoes,Clothing,1,114.14
ORD001035,2025-09-29,CUST0010,Chair,Home,1,80.65
ORD001428,2025-09-29,CUST0063,Laptop,Electronics,4,1034.91
ORD001316,2025-09-29,CUST0109,Phone,Electronics,2,843.52
ORD000310,2025-09-30,CUST0214,Chair,Home,1,133.41
ORD000001,2025-09-30,CUST0058,Tablet,Electronics,1,331.63
ORD001135,2025-09-30,CUST0274,Lamp,Home,2,154.86
ORD001188,2025-09-30,CUST0032,Curtains,Home,1,228.17
ORD000366,2025-09-30,CUST0407,Dumbbells,Sports,1,21.93
ORD000494,2025-09-30,CUST0470,Lamp,Home,1,192.1
ORD000482,2025-10-01,CUST0279,Dumbbells,Sports,2,178.96
ORD000422,2025-10-01,CUST0395,Yoga Mat,Sports,3,133.71
ORD000262,2025-10-01,CUST0328,Basketball,Sports,5,19.61
ORD001355,2025-10-02,CUST0364,Comic,Books,1,22.38
ORD000527,2025-10-02,CUST0344,Manual,Books,1,28.91
ORD000377,2025-10-02,CUST0090,Comic,Books,3,52.38
ORD000752,2025-10-02,CUST0453,Tennis Racket,Sports,4,129.84
ORD001027,2025-10-02,CUST0144,Jeans,Clothing,3,40.23
ORD000239,2025-10-03,CUST0021,Pillow,Home,2,29.34
ORD000565,2025-10-03,CUST0402,Curtains,Home,1,293.65
ORD001143,2025-10-03,CUST0200,Textbook,Books,2,24.72
ORD000260,2025-10-03,CUST0184,Headphones,Electronics,1,367.26
ORD001436,2025-10-03,CUST0252,Phone,Electronics,1,671.73
ORD000477,2025-10-03,CUST0031,Camera,Electronics,1,317.05
ORD000317,2025-10-03,CUST0418,Jeans,Clothing,1,28.88
ORD000620,2025-10-04,CUST0056,Jeans,Clothing,2,84.66
ORD001446,2025-10-04,CUST0047,Curtains,Home,1,258.94
ORD000990,2025-10-04,CUST0192,Camera,Electronics,3,1055.98
ORD000839,2025-10-04,CUST0116,Dress,Clothing,2,102.96
ORD000841,2025-10-04,CUST0089,Basketball,Sports,1,52.52
ORD000143,2025-10-04,CUST0175,Headphones,Electronics,1,995.68
ORD001114,2025-10-05,CUST0333,Tennis Racket,Sports,2,196.08
ORD001460,2025-10-05,CUST0067,Phone,Electronics,2,777.56
ORD000562,2025-10-05,CUST0389,Laptop,Electronics,1,516.07
ORD000005,2025-10-05,CUST0360,Dumbbells,Sports,1,51.88
ORD001242,2025-10-05,CUST0198,Jacket,Clothing,3,83.65
ORD000975,2025-10-06,CUST0099,Curtains,Home,1,43.06
ORD000596,2025-10-06,CUST0499,Tennis Racket,Sports,1,67.08
ORD000279,2025-10-06,CUST0450,Tennis Racket,Sports,2,91.71
ORD000214,2025-10-06,CUST0078,Fiction Book,Books,1,14.47
ORD000437,2025-10-07,CUST0345,Magazine,Books,1,45.25
ORD001023,2025-10-07,CUST0460,Camera,Electronics,4,339.32
ORD001456,2025-10-07,CUST0342,Dumbbells,Sports,4,188.62
ORD001128,2025-10-08,CUST0477,Magazine,Books,1,22.2
ORD000999,2025-10-08,CUST0121,Tablet,Electronics,4,762.44
ORD000319,2025-10-08,CUST0039,Jacket,Clothing,1,77.63
ORD000338,2025-10-08,CUST0358,Textbook,Books,2,49.63
ORD000453,2025-10-08,CUST0401,Running Shoes,Sports,1,53.23
ORD001240,2025-10-08,CUST0484,Laptop,Electronics,1,496.94
ORD001404,2025-10-09,CUST0150,Basketball,Sports,2,64.49
ORD001193,2025-10-09,CUST0128,Tennis Racket,Sports,1,116.1
ORD000855,2025-10-09,CUST0449,Tennis Racket,Sports,1,65.82
ORD000722,2025-10-09,CUST0193,Chair,Home,1,77.45
ORD000623,2025-10-09,CUST0222,Fiction Book,Books,1,60.3
ORD000336,2025-10-09,CUST0494,Tennis Racket,Sports,1,73.34
ORD000292,2025-10-09,CUST0425,Chair,Home,1,70.52
ORD000375,2025-10-09,CUST0322,Camera,Electronics,1,895.47
ORD001251,2025-10-09,CUST0071,Headphones,Electronics,3,648.83
ORD001480,2025-10-10,CUST0107,Chair,Home,1,74.24
ORD001182,2025-10-10,CUST0035,Phone,Electronics,1,255.43
ORD001294,2025-10-10,CUST0244,Comic,Books,2,38.14
ORD001340,2025-10-10,CUST0382,Chair,Home,1,181.72
ORD000238,2025-10-10,CUST0349,T-Shirt,Clothing,1,136.96
ORD001001,2025-10-10,CUST0157,Tennis Racket,Sports,1,117.45
ORD000088,2025-10-10,CUST0099,Magazine,Books,2,25.9
ORD000209,2025-10-10,CUST0251,Jacket,Clothing,1,87.71
ORD001372,2025-10-11,CUST0032,Phone,Electronics,1,989.59
ORD000799,2025-10-11,CUST0136,Camera,Electronics,2,495.66
ORD000511,2025-10-11,CUST0448,Tennis Racket,Sports,2,134.17
ORD001014,2025-10-12,CUST0123,Tennis Racket,Sports,1,153.87
ORD001397,2025-10-12,CUST0492,Camera,Electronics,1,967.81
ORD000886,2025-10-12,CUST0267,Curtains,Home,1,189.58
ORD000669,2025-10-13,CUST0463,T-Shirt,Clothing,1,68.51
ORD000370,2025-10-13,CUST0343,Camera,Electronics,1,1170.85
ORD000286,2025-10-13,CUST0482,Fiction Book,Books,1,77.63
ORD000229,2025-10-14,CUST0005,Magazine,Books,3,55.82
ORD000554,2025-10-14,CUST0479,Dumbbells,Sports,2,135.26
ORD000803,2025-10-14,CUST0050,Tablet,Electronics,2,979.41
ORD000700,2025-10-14,CUST0380,T-Shirt,Clothing,1,16.71
ORD000893,2025-10-15,CUST0253,T-Shirt,Clothing,3,120.24
ORD001237,2025-10-15,CUST0010,Manual,Books,3,72.95
ORD000126,2025-10-15,CUST0348,Textbook,Books,1,68.04
ORD000910,2025-10-15,CUST0448,Curtains,Home,1,166.47
ORD000854,2025-10-16,CUST0184,Yoga Mat,Sports,3,170.63
ORD000341,2025-10-16,CUST0217,Yoga Mat,Sports,1,13.46
ORD001482,2025-10-16,CUST0473,Laptop,Electronics,1,791.59
ORD000039,2025-10-16,CUST0333,Pillow,Home,2,271.89
ORD001343,2025-10-16,CUST0061,Table,Home,3,64.1
ORD001385,2025-10-16,CUST0065,T-Shirt,Clothing,2,24.69
ORD000188,2025-10-17,CUST0421,Curtains,Home,2,31.26
ORD000943,2025-10-17,CUST0068,Shoes,Clothing,2,88.24
ORD000505,2025-10-17,CUST0414,Chair,Home,2,130.87
ORD001424,2025-10-17,CUST0005,Laptop,Electronics,1,522.94
ORD000061,2025-10-18,CUST0442,Jacket,Clothing,1,31.18
ORD000951,2025-10-18,CUST0379,Tennis Racket,Sports,2,151.06
ORD001069,2025-10-18,CUST0019,Table,Home,1,203.41
ORD001422,2025-10-18,CUST0384,Shoes,Clothing,2,119.02
ORD000677,2025-10-19,CUST0074,Camera,Electronics,1,697.78
ORD000897,2025-10-19,CUST0161,Fiction Book,Books,1,12.12
ORD000462,2025-10-19,CUST0396,Curtains,Home,2,155.57
ORD000302,2025-10-20,CUST0304,Manual,Books,2,55.03
ORD000909,2025-10-20,CUST0269,Running Shoes,Sports,1,52.56
ORD000393,2025-10-20,CUST0401,Fiction Book,Books,1,14.47
ORD001464,2025-10-20,CUST0206,Chair,Home,2,293.24
ORD000392,2025-10-20,CUST0082,Phone,Electronics,1,1025.97
ORD001376,2025-10-20,CUST0156,Magazine,Books,3,79.27
ORD001252,2025-10-20,CUST0314,Jacket,Clothing,1,47.45
ORD001113,2025-10-20,CUST0494,Tennis Racket,Sports,1,119.6
ORD001055,2025-10-21,CUST0204,Jacket,Clothing,5,89.53
ORD000862,2025-10-21,CUST0196,Yoga Mat,Sports,1,88.49
ORD000502,2025-10-21,CUST0106,Dumbbells,Sports,2,27.28
ORD000747,2025-10-22,CUST0219,Dress,Clothing,1,43.99
ORD000403,2025-10-22,CUST0496,Lamp,Home,2,218.67
ORD001180,2025-10-22,CUST0255,Tennis Racket,Sports,2,126.48
ORD001087,2025-10-22,CUST0477,Jacket,Clothing,2,114.51
ORD000958,2025-10-22,CUST0039,Jeans,Clothing,1,114.24
ORD001255,2025-10-23,CUST0410,Jeans,Clothing,2,56.71
ORD000954,2025-10-23,CUST0161,Basketball,Sports,4,12.46
ORD000825,2025-10-23,CUST0051,Jeans,Clothing,2,55.56
ORD001061,2025-10-23,CUST0362,Phone,Electronics,3,497.47
ORD000425,2025-10-23,CUST0208,Pillow,Home,1,40.43
ORD001096,2025-10-24,CUST0398,Jacket,Clothing,1,146.83
ORD000986,2025-10-24,CUST0155,Basketball,Sports,1,63.49
ORD001039,2025-10-24,CUST0176,Manual,Books,1,49.29
ORD000806,2025-10-24,CUST0444,Manual,Books,2,71.12
ORD001444,2025-10-25,CUST0419,Fiction Book,Books,1,47.54
ORD000775,2025-10-25,CUST0151,Jeans,Clothing,3,113.39
ORD000573,2025-10-25,CUST0371,Camera,Electronics,1,907.28
ORD000184,2025-10-25,CUST0156,Magazine,Books,3,42.54
ORD000613,2025-10-25,CUST0295,Jacket,Clothing,2,65.51
ORD001211,2025-10-26,CUST0360,Basketball,Sports,1,123.09
ORD001205,2025-10-26,CUST0422,Curtains,Home,1,163.16
ORD000949,2025-10-26,CUST0402,Table,Home,3,231.01
ORD000685,2025-10-26,CUST0014,Table,Home,4,164.97
ORD000902,2025-10-26,CUST0436,Comic,Books,1,53.66
ORD001394,2025-10-26,CUST0041,Shoes,Clothing,2,147.78
ORD001351,2025-10-26,CUST0359,Manual,Books,3,31.67
ORD000938,2025-10-27,CUST0391,Dress,Clothing,4,68.71
ORD000218,2025-10-27,CUST0204,Tablet,Electronics,2,1030.19
ORD000607,2025-10-27,CUST0215,Basketball,Sports,1,160.24
ORD000567,2025-10-27,CUST0455,Dumbbells,Sports,1,61.51
ORD001432,2025-10-27,CUST0463,Lamp,Home,2,65.35
ORD000635,2025-10-28,CUST0471,Shoes,Clothing,1,37.53
ORD000953,2025-10-29,CUST0148,Headphones,Electronics,1,495.69
ORD000056,2025-10-29,CUST0491,Dumbbells,Sports,4,39.41
ORD000471,2025-10-29,CUST0140,T-Shirt,Clothing,1,98.12
ORD001173,2025-10-29,CUST0251,Shoes,Clothing,2,40.19
ORD001048,2025-10-29,CUST0295,Headphones,Electronics,1,203.97
ORD000255,2025-10-29,CUST0485,Dumbbells,Sports,1,121.59
ORD000735,2025-10-29,CUST0309,Phone,Electronics,1,1011.31
ORD000561,2025-10-29,CUST0116,Chair,Home,2,203.05
ORD001430,2025-10-29,CUST0095,Lamp,Home,3,150.75
ORD001388,2025-10-29,CUST0310,Manual,Books,1,18.48
ORD001307,2025-10-29,CUST0108,Basketball,Sports,2,30.77
ORD001097,2025-10-30,CUST0266,Magazine,Books,1,56.69
ORD001133,2025-10-30,CUST0277,Shoes,Clothing,1,95.67
ORD001354,2025-10-30,CUST0240,Headphones,Electronics,2,406.95
ORD000762,2025-10-30,CUST0184,Basketball,Sports,1,143.66
ORD000234,2025-10-31,CUST0152,Headphones,Electronics,1,365.65
ORD000911,2025-10-31,CUST0317,Headphones,Electronics,2,810.97
ORD001301,2025-10-31,CUST0305,Running Shoes,Sports,1,43.71
ORD001124,2025-10-31,CUST0384,Phone,Electronics,3,241.95
ORD000776,2025-11-01,CUST0486,Dumbbells,Sports,1,171.64
ORD000158,2025-11-01,CUST0233,Lamp,Home,3,90.39
ORD000927,2025-11-01,CUST0055,Phone,Electronics,1,616.29
ORD001381,2025-11-01,CUST0303,Magazine,Books,1,58.38
ORD001185,2025-11-01,CUST0303,Chair,Home,1,122.58
ORD000941,2025-11-01,CUST0281,Curtains,Home,1,197.12
ORD000293,2025-11-01,CUST0391,Lamp,Home,3,118.29
ORD000564,2025-11-01,CUST0088,Headphones,Electronics,1,1022.13
ORD000499,2025-11-02,CUST0186,Camera,Electronics,5,179.04
ORD000519,2025-11-02,CUST0447,Phone,Electronics,5,901.62
ORD000070,2025-11-02,CUST0155,Running Shoes,Sports,5,11.49
ORD000790,2025-11-02,CUST0016,Textbook,Books,4,50.55
ORD001072,2025-11-02,CUST0036,Camera,Electronics,1,377.17
ORD000671,2025-11-02,CUST0049,Phone,Electronics,1,598.33
ORD001274,2025-11-02,CUST0403,Camera,Electronics,1,175.71
ORD000833,2025-11-02,CUST0102,Lamp,Home,1,250.58
ORD000625,2025-11-02,CUST0110,Dress,Clothing,2,116.56
ORD001256,2025-11-03,CUST0461,Tennis Racket,Sports,1,91.71
ORD001058,2025-11-03,CUST0204,T-Shirt,Clothing,1,115.95
ORD001285,2025-11-03,CUST0231,Chair,Home,1,166.67
ORD000964,2025-11-04,CUST0163,Tennis Racket,Sports,1,191.83
ORD000530,2025-11-04,CUST0074,Fiction Book,Books,3,47.18
ORD001243,2025-11-05,CUST0051,Pillow,Home,3,262.7
ORD000405,2025-11-06,CUST0364,Dress,Clothing,1,83.68
ORD000581,2025-11-06,CUST0402,Jacket,Clothing,1,57.75
ORD000446,2025-11-07,CUST0171,Manual,Books,4,39.27
ORD000808,2025-11-07,CUST0018,Running Shoes,Sports,4,181.09
ORD001157,2025-11-07,CUST0128,Comic,Books,1,23.54
ORD000853,2025-11-07,CUST0114,Dumbbells,Sports,1,182.24
ORD001361,2025-11-07,CUST0408,Tablet,Electronics,4,689.57
ORD000580,2025-11-07,CUST0038,Tablet,Electronics,1,227.35
